VT_1879_01_H1,Abbe Freerks Gabbema gasthuis,2-41
VT_1879_01_H1,Algemeen Armhuis,2-42
VT_1879_01_H1,Algemeen armhuis
VT_1879_01_H1,Armengesticht,2-23
VT_1879_01_H1,Armgesticht,2-23
VT_1879_01_H1,Armhuis,2-42
VT_1879_01_H1,Armhuis van het burgerlijk armbestuur,2-42
VT_1879_01_H1,Boshuijzer gasthuis,2-41
VT_1879_01_H1,Cellulaire gevangenis,2-81
VT_1879_01_H1,Diaconie armh.,2-42
VT_1879_01_H1,Diaconie weeshuis,2-43
VT_1879_01_H1,Diaconie-Armhuis,2-42
VT_1879_01_H1,Diaconie-gasthuis,2-41
VT_1879_01_H1,Diakonie armhuis der Ned. Herv. Gemeente,2-42
VT_1879_01_H1,Dr. H. van Popta gasthuis,2-41
VT_1879_01_H1,Garnizoens-Infirmerie,2-51
VT_1879_01_H1,Garnizoensbakkerij,2-51
VT_1879_01_H1,Gasthuis Vredenhof,2-41
VT_1879_01_H1,Herv. Diaconie armgesticht,2-23
VT_1879_01_H1,Hervormd diaconiehuis,2-75
VT_1879_01_H1,Huis van arrest,2-81
VT_1879_01_H1,Huis van burgerlijke en militaire verzekering,2-51
VT_1879_01_H1,Hôtel Nieuw Duinkerken
VT_1879_01_H1,Hôtel Phoenix,3-1
VT_1879_01_H1,Hôtel de Nieuwe Doelen,3-1
VT_1879_01_H1,Kavalleriestalling,2-51
VT_1879_01_H1,Kazerne der Infanterie,2-52
VT_1879_01_H1,Klaarkampsterweeshuis,2-43
VT_1879_01_H1,Kolonie der Maatschappij van weldadigheid
VT_1879_01_H1,Kostschool,2-62
VT_1879_01_H1,Krankzinnigengesticht,2-23
VT_1879_01_H1,Marcelis Goverts gasthuis,2-41
VT_1879_01_H1,Nieuw St. Anthonij gasthuis,2-41
VT_1879_01_H1,Nieuw Stadsweeshuis,2-43
VT_1879_01_H1,Old Burger Weeshuis,2-43
VT_1879_01_H1,Old Burger weeshuis
VT_1879_01_H1,Oud St. Anthonij gasthuis,2-41
VT_1879_01_H1,Overige huizen,2-0
VT_1879_01_H1,Popma-gasthuis,2-41
VT_1879_01_H1,R.C. Armhuis,2-42
VT_1879_01_H1,R.C. arm- en weeshuis,2-43
VT_1879_01_H1,R.C. armengesticht,2-23
VT_1879_01_H1,Ritske Boelema gasthuis,2-41
VT_1879_01_H1,Roomsch Catholiek armgesticht,2-23
VT_1879_01_H1,Schepen,2-10
VT_1879_01_H1,St. Annagesticht,2-23
VT_1879_01_H1,St. Anthonij gasthuis,2-41
VT_1879_01_H1,St. Elizabethsgesticht,2-23
VT_1879_01_H1,St. Joseph gesticht,2-23
VT_1879_01_H1,Stads Armhuis,2-42
VT_1879_01_H1,Stads Burgerweeshuis,2-43
VT_1879_01_H1,Stads Ziekenhuis,2-21
VT_1879_01_H1,"Stichting ""Fribourg"""
VT_1879_01_H1,Wees- en armhuis,2-42
VT_1879_01_H1,Weeshuis,2-43
VT_1879_01_H1,Westerhuis vrouwengasthuis,2-41
VT_1879_01_H1,Ziekenhuis,2-21
VT_1879_02_H1,Armhuis
VT_1879_02_H1,Armhuis der N.H. gemeente
VT_1879_02_H1,Bestedelingshuis der Ned. Herv. Diaconie
VT_1879_02_H1,Binnengasthuis
VT_1879_02_H1,Boven Proveniershuis
VT_1879_02_H1,Broerenkazerne
VT_1879_02_H1,Buitengasthuis
VT_1879_02_H1,Burger Weeshuis
VT_1879_02_H1,Cellulaire Gevangenis
VT_1879_02_H1,Emanuelshuis
VT_1879_02_H1,Garnizoens-Infirmerie
VT_1879_02_H1,Garnizoens-bakkerij
VT_1879_02_H1,"Gesticht ""Averingsvergadering"""
VT_1879_02_H1,Gesticht Ommerschans
VT_1879_02_H1,Gesticht van Liefde
VT_1879_02_H1,Groot Burger Weeshuis der Ned. Herv. gemeente
VT_1879_02_H1,Groote en Voorster-Gasthuis
VT_1879_02_H1,Haersoltenhuis
VT_1879_02_H1,Heerinkshuis
VT_1879_02_H1,Heiligen Geesten Gasthuis
VT_1879_02_H1,Hervormd Armen Weeshuis
VT_1879_02_H1,"Hotel ""de Gouden Leeuw"""
VT_1879_02_H1,"Hotel ""de Graaf"""
VT_1879_02_H1,"Hotel ""de Keizer"""
VT_1879_02_H1,"Hotel ""de Klomp"""
VT_1879_02_H1,Huis van Arrest
VT_1879_02_H1,Huis van bewaring
VT_1879_02_H1,"Hôtel ""Heerenlogement"""
VT_1879_02_H1,"Hôtel ""Pays-Bas"""
VT_1879_02_H1,"Hôtel ""de Keizerskroon"""
VT_1879_02_H1,Karmelieten klooster
VT_1879_02_H1,Kazerne
VT_1879_02_H1,"Kazerne: ""de Ruiterstallen"""
VT_1879_02_H1,Keizers- of Jordensplaats
VT_1879_02_H1,Klooster
VT_1879_02_H1,Klooster der Franciscanen
VT_1879_02_H1,Kolonie
VT_1879_02_H1,Kostschool
VT_1879_02_H1,Kostschool van H. Stael
VT_1879_02_H1,Kostschool van Weber
VT_1879_02_H1,Krankzinnigen-Gesticht
VT_1879_02_H1,Larinksgesticht
VT_1879_02_H1,"Logement: ""huis 't Anker"""
VT_1879_02_H1,Ned. Herv. Weeshuis
VT_1879_02_H1,Ommerschans (Rijksgesticht)
VT_1879_02_H1,Oude Mannen- en Vrouwenhuis van het Gem. Armbest. der N.H. gemeente
VT_1879_02_H1,Oude Vrouwenhuis
VT_1879_02_H1,Oude mannen- en vrouwenhuis
VT_1879_02_H1,Overige huizen
VT_1879_02_H1,R. C. Weeshuis
VT_1879_02_H1,Rijksgesticht Ommerschans
VT_1879_02_H1,Roomsch Catholijk Weeshuis
VT_1879_02_H1,Schepen
VT_1879_02_H1,Scherfshuis
VT_1879_02_H1,St. Anthony Gasthuis
VT_1879_02_H1,St. Geertruiden Gasthuis
VT_1879_02_H1,St. Jozephs-Gesticht
VT_1879_02_H1,St. Jurriens Gasthuis
VT_1879_02_H1,St. Nicolaas-Gesticht
VT_1879_02_H1,Vilsterenshuis
VT_1879_02_H1,Vrouwenhuis
VT_1879_02_H1,Weerds-Gesticht
VT_1879_02_H1,Weeshuis
VT_1879_02_H1,Weeshuis der Chr. Ger. Gemeente
VT_1879_02_H1,Werkhuis
VT_1879_02_H1,Ziekenhuis
VT_1879_02_H1,Ziekenhuis der N. H. gemeente
VT_1879_02_H1,Zwiersenhuizen
VT_1879_03_H1,Academisch ziekenhuis
VT_1879_03_H1,Aduarder gasthuis
VT_1879_03_H1,Anthonij-gasthuis
VT_1879_03_H1,Arm werkhuis
VT_1879_03_H1,Arm-werkhuis
VT_1879_03_H1,Armenwerkhuis
VT_1879_03_H1,Armhuis
VT_1879_03_H1,"Armhuis ""Weltevreden"""
VT_1879_03_H1,Baroldi-gasthuis
VT_1879_03_H1,Burgerlijk Armhuis
VT_1879_03_H1,Cellulaire gevangenis
VT_1879_03_H1,Chr. Ger. Armhuis
VT_1879_03_H1,Chr. Geref. Armhuis
VT_1879_03_H1,Christelijk Gereformeerd Weeshuis
VT_1879_03_H1,Cremers gasthuis
VT_1879_03_H1,Diaconie Armhuis
VT_1879_03_H1,Diaconie-armhuis
VT_1879_03_H1,Diaconie-gasthuis
VT_1879_03_H1,Diaconiehuis
VT_1879_03_H1,Doopsgezind gasthuis
VT_1879_03_H1,Doopsgezind weeshuis
VT_1879_03_H1,Doorgangshuis of kinderhuis
VT_1879_03_H1,Garnizoens-Bakkerij
VT_1879_03_H1,Garnizoens-Infirmerie
VT_1879_03_H1,Geertruids gasthuis
VT_1879_03_H1,Gesticht voor hulpbetoon en werkverschaffing
VT_1879_03_H1,Heilige Geest-gasthuis
VT_1879_03_H1,Herv. Diac. Armhuis
VT_1879_03_H1,Huis van Arrest
VT_1879_03_H1,Huis van Barmhartigheid
VT_1879_03_H1,Huis van bewaring
VT_1879_03_H1,Inrigting voor ooglijders
VT_1879_03_H1,Instituut voor Doofstommen
VT_1879_03_H1,Juffer Tette Alberda's gasthuis
VT_1879_03_H1,Kazerne Kattenhage
VT_1879_03_H1,Kostschool
VT_1879_03_H1,Lattering gasthuis
VT_1879_03_H1,Luthersch gasthuis
VT_1879_03_H1,Luthersch verzorgingsgesticht
VT_1879_03_H1,Luthersch weeshuis
VT_1879_03_H1,Martens
VT_1879_03_H1,Medden-gasthuis
VT_1879_03_H1,Mepsche gasthuis
VT_1879_03_H1,Ned. H. diac. armhuis
VT_1879_03_H1,Ned. Herv. Armhuis
VT_1879_03_H1,Ned. Herv. Diaconiehuis
VT_1879_03_H1,Noorder Kazerne
VT_1879_03_H1,Overige huizen
VT_1879_03_H1,Passantenhuis
VT_1879_03_H1,Pietronella
VT_1879_03_H1,R. C. diac. armhuis
VT_1879_03_H1,Roode of Burgerweeshuis
VT_1879_03_H1,Roomsch-Cath. Weeshuis voor meisjes en Liefdesgesticht
VT_1879_03_H1,Schepen
VT_1879_03_H1,Schepen tot geen bepaald wijk behoorende
VT_1879_03_H1,Scheunings gasthuis
VT_1879_03_H1,St. Jacobi- en Annen-gasthuis
VT_1879_03_H1,Toevlugtsoord
VT_1879_03_H1,Ubbema-gasthuis
VT_1879_03_H1,Vrouw Anna Varwers gasthuis
VT_1879_03_H1,W. Cremers gasthuis
VT_1879_03_H1,Weeshuis
VT_1879_03_H1,Weeshuis der Ned. Herv. Gemeente
VT_1879_03_H1,Werkhuis
VT_1879_03_H1,Werkhuis der Hervormde Diaconie
VT_1879_03_H1,Wijtses gasthuis
VT_1879_03_H1,Zeijls gasthuis
VT_1879_03_H1,Zuider Kazerne
VT_1879_03_H1,gem.-armhuis
VT_1879_04_H1,1ste gesticht. Bijgebouwen
VT_1879_04_H1,2e gesticht. Bijgebouwen
VT_1879_04_H1,3e gesticht. Bijgebouwen
VT_1879_04_H1,Armwerkhuis,2-42
VT_1879_04_H1,"Diaconie arm-, wees- en werkhuis",2-42
VT_1879_04_H1,Diaconie armhuis,2-42
VT_1879_04_H1,Gesticht voor ooglijders,2-23
VT_1879_04_H1,Huis van arrest en bewaring,2-81
VT_1879_04_H1,Huis van bewaring,2-81
VT_1879_04_H1,Huizen,1-0
VT_1879_04_H1,Kazerne der Infanterie,2-52
VT_1879_04_H1,Kostschool,2-62
VT_1879_04_H1,Overige huizen,2-0
VT_1879_04_H1,Schepen,2-10
VT_1879_04_H1,Verspreide huizen,1-0
VT_1879_04_H1,Weeshuis,2-43
VT_1879_04_H1,Werkhuis,2-82
VT_1879_04_H1,Werkhuis der Nederl. Herv. Gemeente,2-82
VT_1879_05_H1,Armhuis (St. Vincentius),2-42
VT_1879_05_H1,Bisschoppelijk Collegie en kostschool,2-62
VT_1879_05_H1,Cavalerie- en Rijschool-kazerne,2-52
VT_1879_05_H1,Collegie en Pensionaat,2-63
VT_1879_05_H1,Franciscanessen-klooster (St. Anna),2-72
VT_1879_05_H1,Garnizoens-Bakkerij,2-51
VT_1879_05_H1,Garnizoens-Infirmerie,2-51
VT_1879_05_H1,Garnizoensbakkerij,2-51
VT_1879_05_H1,Gasthuis,2-41
VT_1879_05_H1,Gebrekkigenhuis (Calvariënberg),2-23
VT_1879_05_H1,Gemengde hulpkazerne,2-52
VT_1879_05_H1,Gereformeerd Weeshuis,2-43
VT_1879_05_H1,Gesticht voor oude lieden en kinderen (St. Joseph),2-23
VT_1879_05_H1,Hofje van St. Marten,2-9
VT_1879_05_H1,Huis van Arrest,2-81
VT_1879_05_H1,Huis van Bewaring,2-81
VT_1879_05_H1,Hôtel van Commensalen,3-1
VT_1879_05_H1,Infanterie- (Muzijkanten-) kazerne,2-52
VT_1879_05_H1,Infanterie-Kazerne,2-52
VT_1879_05_H1,Infanterie-kazerne
VT_1879_05_H1,Jesuiten-klooster,2-72
VT_1879_05_H1,Josephiten-klooster en Armhuis (St. Joseph),2-72,2-42
VT_1879_05_H1,Kazerne der Maréchaussée
VT_1879_05_H1,Klein Seminarie,2-73
VT_1879_05_H1,Klooster,2-72
VT_1879_05_H1,Klooster d. Ursulinen en kostschool,2-72,2-62
VT_1879_05_H1,Klooster d. Usulinen,2-72
VT_1879_05_H1,Klooster der Augustijnen
VT_1879_05_H1,Kostschool,2-62
VT_1879_05_H1,Krankzinnigenhuis (Calvariënberg),2-23
VT_1879_05_H1,Maréchaussée-kazerne,2-52
VT_1879_05_H1,Minderbroedersklooster,2-72
VT_1879_05_H1,O.L.V. Conventje,X
VT_1879_05_H1,Oudmannen- (Twaalf Apostelen-) huis,2-31
VT_1879_05_H1,Overige huizen,2-0
VT_1879_05_H1,R. C. Godshuis (Louisa-huis),2-44
VT_1879_05_H1,R. C. Weeshuis,2-43
VT_1879_05_H1,R. K. Armhuis (Nieuwenhof),2-42
VT_1879_05_H1,Schepen,2-10
VT_1879_05_H1,Seminarie,2-73
VT_1879_05_H1,St. Gilles-Gasthuis,2-41
VT_1879_05_H1,St. Matthias-Conventje,X
VT_1879_05_H1,Ursulinen-klooster,2-72
VT_1879_05_H1,Ursulinen-klooster en kostschool,2-72,2-62
VT_1879_05_H1,Verspreide huizen,1-0
VT_1879_05_H1,Wees- en Oude mannen- en vrouwenhuis,2-31,2-43
VT_1879_05_H1,Ziekenhuis (Calvariënberg),2-21
VT_1879_06_H1,Armgesticht Annahof,2-23
VT_1879_06_H1,Armhof ''St. Joris'',2-42
VT_1879_06_H1,Armhof ''de Molenberg'',X
VT_1879_06_H1,Armhuis,2-42
VT_1879_06_H1,Armhuis der Christ. Geref. gemeente
VT_1879_06_H1,Armhuizen,2-42
VT_1879_06_H1,Armweeshuis,2-43
VT_1879_06_H1,Bijgebouw van Kazerne Willem III,2-52
VT_1879_06_H1,Bomvrije kazerne,2-52
VT_1879_06_H1,Burger weeshuis,2-43
VT_1879_06_H1,Burgergasthuis,2-41
VT_1879_06_H1,Burgerlijk Armhuis,2-42
VT_1879_06_H1,Burgerlijk armhuis
VT_1879_06_H1,Burgerweeshuis,2-43
VT_1879_06_H1,Cellulaire gevangenis,2-81
VT_1879_06_H1,Diaconie Armhuis,2-42
VT_1879_06_H1,Diaconie armgesticht,2-23
VT_1879_06_H1,Fort,2-53
VT_1879_06_H1,Fort Rammekens,2-53
VT_1879_06_H1,Garnizoens-Infirmerie,2-51
VT_1879_06_H1,Gasthuis,2-41
VT_1879_06_H1,"Gesticht ""den Bal"""
VT_1879_06_H1,Gesticht voor huisvesting met weldadig doel,2-23
VT_1879_06_H1,Godshuis,2-44
VT_1879_06_H1,Godshuis Carst,2-44
VT_1879_06_H1,Groot armhuis,2-42
VT_1879_06_H1,Huis van Bewaring
VT_1879_06_H1,Huis van arrest,2-81
VT_1879_06_H1,Huis van bewaring,2-81
VT_1879_06_H1,Hôtel ''Abdij'',3-1
VT_1879_06_H1,Infirmerie,X
VT_1879_06_H1,Israëlitisch armhuis,2-42
VT_1879_06_H1,Kanonneerboot Hydra,2-10,2-51
VT_1879_06_H1,Kazerne,2-52
VT_1879_06_H1,"Kazerne ""Cavalier"""
VT_1879_06_H1,Kazerne No. 1,2-52
VT_1879_06_H1,Kazerne Spookhuis,2-52
VT_1879_06_H1,Kazerne Westdijk,2-52
VT_1879_06_H1,Kazerne Willem III,2-52
VT_1879_06_H1,Kazerne d. Maréchaussée,2-52
VT_1879_06_H1,Klein armhuis,2-42
VT_1879_06_H1,Kostschool voor meisjes,2-62
VT_1879_06_H1,Liefdehuis,2-71
VT_1879_06_H1,Nonnenschool,2-61
VT_1879_06_H1,Oude Gasthuis,2-41
VT_1879_06_H1,Oude mannen en vrouwenh.,2-31
VT_1879_06_H1,Overige Schepen,2-10
VT_1879_06_H1,Overige huizen,2-0
VT_1879_06_H1,R. K. Weeshuis,2-43
VT_1879_06_H1,Schepen,2-10
VT_1879_06_H1,St. Cornelia Liefdehuis,2-71
VT_1879_06_H1,Weeshuis,2-43
VT_1879_06_H1,Woning voor gehuwde militairen,2-51
VT_1879_07_H1,Andreas Gasthuis
VT_1879_07_H1,Armhuis
VT_1879_07_H1,"Arsenaal, Pupill. school"
VT_1879_07_H1,Bartholomaie Gasthuis
VT_1879_07_H1,Bestedelingenhuis der Stads Aalmoezenierskamer
VT_1879_07_H1,Bethanië (Inrigting voor verzwakte kinderen)
VT_1879_07_H1,Bijzondere jongensschool van het Zusterhuis der Evangel. Broedergemeente
VT_1879_07_H1,Broederhuis van het Zusterhuis der Evangel. Broedergemeente
VT_1879_07_H1,Bureau der Genie
VT_1879_07_H1,Burgerweeshuis
VT_1879_07_H1,Cellulaire Gevangenis
VT_1879_07_H1,Centraal Israëlitiesch Weeshuis
VT_1879_07_H1,"Diaconess.-Inrigting ""Bethanie"""
VT_1879_07_H1,Directeurswoning
VT_1879_07_H1,Ewouds- en Elisabethsgasthuis
VT_1879_07_H1,Fort
VT_1879_07_H1,Fort bij Rhijnauwen (gedeeltelijk)
VT_1879_07_H1,Fortwachterswoning
VT_1879_07_H1,"Fortwachterswoning, Spion"
VT_1879_07_H1,Fundatie Renswoude en Ambachtskinderhuis
VT_1879_07_H1,Garnizoens-Infirmerie
VT_1879_07_H1,Garnizoens-bakkerij
VT_1879_07_H1,Garnizoensbakkerij
VT_1879_07_H1,Gereformeerd Burger Weeshuis
VT_1879_07_H1,Gesticht voor R.C. Weezen en Oude Lieden
VT_1879_07_H1,Gevangenis voor jeugdige vrouwelijke veroordeelden
VT_1879_07_H1,Groot Rijks Hospitaal
VT_1879_07_H1,Herv. Diac. Oude Mannen- en Vrouwenhuis
VT_1879_07_H1,Huis van Arrest en Bewaring
VT_1879_07_H1,Huis van Bewaring
VT_1879_07_H1,Huizen niet gelegen in het Hoogheemraadschap
VT_1879_07_H1,Hulp-kazernement
VT_1879_07_H1,Hôtel Buwalda
VT_1879_07_H1,Hôtel van den Broek
VT_1879_07_H1,Jongens kostschool
VT_1879_07_H1,Jongenskostschool
VT_1879_07_H1,Jongenskostschool (Nijland)
VT_1879_07_H1,Kantonaal Huis van bewaring
VT_1879_07_H1,Kazerne Damlust
VT_1879_07_H1,Kazerne Fort de Bilt
VT_1879_07_H1,Kazerne Hospitaalsoldaten
VT_1879_07_H1,Kazerne Kinderhuis
VT_1879_07_H1,Kazerne het Werkhuis
VT_1879_07_H1,Keet
VT_1879_07_H1,Keeten
VT_1879_07_H1,Keeten in het fort
VT_1879_07_H1,Kermiswagen
VT_1879_07_H1,Kinderhuis der Diaconessen-Inrigting
VT_1879_07_H1,Klooster Bethlehem
VT_1879_07_H1,Kostschool
VT_1879_07_H1,Krankzinnigengesticht
VT_1879_07_H1,Logement
VT_1879_07_H1,Logement Ambrosius
VT_1879_07_H1,Logement Bellevue
VT_1879_07_H1,Logement Hahman
VT_1879_07_H1,Logement Kasteel v. Antwerpen
VT_1879_07_H1,Lunet bij het fort
VT_1879_07_H1,Meisjeskostsch. (Mej. Dirkmaat)
VT_1879_07_H1,Meisjeskostschool
VT_1879_07_H1,Meisjesschool
VT_1879_07_H1,Militaire stal C
VT_1879_07_H1,Militaire stal D
VT_1879_07_H1,Nachtkwartier Baumgarten
VT_1879_07_H1,Ned. Herv. Diaconie Weeshuis
VT_1879_07_H1,O.R.C. Bestedelinghuis
VT_1879_07_H1,O.R.C. Weeshuis
VT_1879_07_H1,Oude Infirmerie
VT_1879_07_H1,Overige Huizen
VT_1879_07_H1,Overige huizen
VT_1879_07_H1,Protest. Kinder-Zendingshuis
VT_1879_07_H1,Pupillenschool
VT_1879_07_H1,R.C. Gregorius Onderwijsgest.
VT_1879_07_H1,R.C. Kloostergesticht
VT_1879_07_H1,R.C. Liefdehuis
VT_1879_07_H1,R.C. Meisjeskostschool
VT_1879_07_H1,R.C. Seminarium
VT_1879_07_H1,R.C. gesticht voor verlaten meisjes
VT_1879_07_H1,"R.C. klooster en oude vrouwengesticht ""Endelhoven"""
VT_1879_07_H1,Rijks Veeartsenijschool
VT_1879_07_H1,Schepen
VT_1879_07_H1,School Enderle
VT_1879_07_H1,Seminarie der R.C van de Klerezie
VT_1879_07_H1,St. Jozef-gesticht
VT_1879_07_H1,St. Pieters- en Bloklandsgasthuis
VT_1879_07_H1,Stedelijk Ziekenhuis
VT_1879_07_H1,Tijdelijke keeten
VT_1879_07_H1,Tijdelijke keeten (fort 't Hemeltje)
VT_1879_07_H1,Volksgaarkeuken
VT_1879_07_H1,Wachterstoren bij het Fort op den Ruigenkselschen dijk
VT_1879_07_H1,Weduwenhuis van het Zusterhuis der Evangel. Broedergemeente
VT_1879_07_H1,Ziekenhuis
VT_1879_07_H1,Zusterhuis der Evangel. Broedergemeente
VT_1879_09_H1,(onbewoond)
VT_1879_09_H1,Algemeen Armhuis
VT_1879_09_H1,Algemeen Weeshuis
VT_1879_09_H1,Algemeen armhuis
VT_1879_09_H1,Algemeen wees- en armhuis
VT_1879_09_H1,Alleen staande huizen
VT_1879_09_H1,Aloysius Gesticht
VT_1879_09_H1,Anslo's Hofje
VT_1879_09_H1,Arken
VT_1879_09_H1,Arken en Keeten
VT_1879_09_H1,Armenhuis
VT_1879_09_H1,Armhuis
VT_1879_09_H1,Artillerie-kazerne
VT_1879_09_H1,Bestedelingenhuis
VT_1879_09_H1,Bestedelinghuis
VT_1879_09_H1,Binnen-Gasthuis
VT_1879_09_H1,Blokshofje
VT_1879_09_H1,Boscherhofje
VT_1879_09_H1,Brands Rusthofje
VT_1879_09_H1,Brandweer-kazerne
VT_1879_09_H1,Brandweerkazerne
VT_1879_09_H1,Broederschap der R. C. gemeente
VT_1879_09_H1,Brouwershofje
VT_1879_09_H1,Bruiningshofje
VT_1879_09_H1,Buitengasthuis
VT_1879_09_H1,Burgerlijk Weeshuis
VT_1879_09_H1,Burgerweeshuis
VT_1879_09_H1,Burgerziekenhuis
VT_1879_09_H1,Cavallerie-Kazerne
VT_1879_09_H1,Cellul. huis van arrest en justitie
VT_1879_09_H1,Centraal Magazijn van militaire kleeding
VT_1879_09_H1,"Christ. Geref. Wees-, Oude Mannen- en Vrouwenhuis"
VT_1879_09_H1,Conducteurswoning d. artillerie
VT_1879_09_H1,Corvershof
VT_1879_09_H1,Dames Instituut
VT_1879_09_H1,Deutzen hofje
VT_1879_09_H1,"Diac. wees-, oude mannen- en vrouwenhuis"
VT_1879_09_H1,Diaconie Wees- en Armhuis
VT_1879_09_H1,Diaconie Weeshuis
VT_1879_09_H1,Diaconie oude mannen en vrouwenhuis
VT_1879_09_H1,Diaconie-armhuis
VT_1879_09_H1,Diaconie-weeshuis
VT_1879_09_H1,Diaconiehuis
VT_1879_09_H1,Diaconiehuis Herv. gemeente
VT_1879_09_H1,Doopsgez. Wees- en Armhuis
VT_1879_09_H1,Doopsgez. Weeshuis
VT_1879_09_H1,Doopsgezinde Oude vrouwenhuis
VT_1879_09_H1,Ev. Luth. Weeshuis
VT_1879_09_H1,Evang. Luth. Weeshuis
VT_1879_09_H1,Evangelisch Luthersch weeshuis
VT_1879_09_H1,Farnades Nuneshuis
VT_1879_09_H1,Fontaineshofje
VT_1879_09_H1,Fort
VT_1879_09_H1,Fort Erfprins
VT_1879_09_H1,Fort Kijkuit
VT_1879_09_H1,Fort a/d. Liede
VT_1879_09_H1,Fort a/h. Schiphol
VT_1879_09_H1,Fort bij Heemstede
VT_1879_09_H1,Fort en sluis
VT_1879_09_H1,Fortwachterswoning
VT_1879_09_H1,Frans Loenen-hofje
VT_1879_09_H1,Friesche Doopsgez. Wees- en Armhuis
VT_1879_09_H1,Garnizoens Infermerie
VT_1879_09_H1,Gasthuis
VT_1879_09_H1,Gebouw van Barmhartigheid
VT_1879_09_H1,Gemeente Wees- en Armhuis
VT_1879_09_H1,Geref. Oranje Weeshuis
VT_1879_09_H1,Geref. Weeshuis
VT_1879_09_H1,Gereform. Weeshuis
VT_1879_09_H1,Gereformeerde weeshuis
VT_1879_09_H1,"Gesticht ""Venetia"""
VT_1879_09_H1,"Gesticht ""de Ster"""
VT_1879_09_H1,"Gesticht ""de Voorzienigheid"""
VT_1879_09_H1,Gesticht Meerenberg
VT_1879_09_H1,Gesticht St. Anna
VT_1879_09_H1,Gesticht St. Joseph
VT_1879_09_H1,Gesticht St. Rosa
VT_1879_09_H1,Gesticht Stads-bestedelingen
VT_1879_09_H1,Gesticht Vreedenburg
VT_1879_09_H1,Gesticht v. Weldadigheid
VT_1879_09_H1,Godshuis
VT_1879_09_H1,Grilshofje
VT_1879_09_H1,Hamer- en Bouwershof
VT_1879_09_H1,Heeren Instituut
VT_1879_09_H1,Henriette Hofje (oude vrouwen)
VT_1879_09_H1,Herv. Diaconiehuis
VT_1879_09_H1,Herv. Wees en Armhuis
VT_1879_09_H1,Herv. Weeshuis
VT_1879_09_H1,Hervormd armhuis
VT_1879_09_H1,Hervormd weeshuis
VT_1879_09_H1,Het Falckhuis
VT_1879_09_H1,Het Suijckerhofje
VT_1879_09_H1,Hodson Dadelhofje
VT_1879_09_H1,"Hof ""Liefde is het Fundament"""
VT_1879_09_H1,"Hofje ""Eendragt"""
VT_1879_09_H1,Hofje de 12 apostelen
VT_1879_09_H1,Hofje de Groene Tuin
VT_1879_09_H1,Hofje de Zeven Keurvorsten
VT_1879_09_H1,Hofje van Beresteijn
VT_1879_09_H1,Hofje van Brouwer
VT_1879_09_H1,Hofje van Guurtje Burret
VT_1879_09_H1,Hofje van Noblet
VT_1879_09_H1,Hofje van Oorschot
VT_1879_09_H1,Hofje van Spoorwater
VT_1879_09_H1,Hofje van Staats
VT_1879_09_H1,Hofje van de wed. Roosen
VT_1879_09_H1,Hospitaal
VT_1879_09_H1,Huis van Arrest
VT_1879_09_H1,Huis van bewaring
VT_1879_09_H1,Huis van correctie
VT_1879_09_H1,Huis van verbetering en opvoeding voor jongens
VT_1879_09_H1,Huiszitten-weduwenhof
VT_1879_09_H1,Hulphuis van arrest
VT_1879_09_H1,Hulpkazerne Infanterie
VT_1879_09_H1,Inrigting voor ooglijders
VT_1879_09_H1,Instituut tot onderwijs van Blinden
VT_1879_09_H1,Kazerne
VT_1879_09_H1,Kazerne Infanterie
VT_1879_09_H1,Kazerne Oranje
VT_1879_09_H1,Kazerne Oranje-Nassau
VT_1879_09_H1,Kazerne Promers
VT_1879_09_H1,Kazerne het Weeshuis
VT_1879_09_H1,Kazerne kerkgebouw
VT_1879_09_H1,Kinderziekenhuis
VT_1879_09_H1,Kon. Instituut Marine
VT_1879_09_H1,Kosthuis No. 1
VT_1879_09_H1,Kosthuis No. 2 der Maatschappij tot Nut van 't Algemeen
VT_1879_09_H1,Kostschool
VT_1879_09_H1,Kweekschool voor de Zeevaart
VT_1879_09_H1,Liefdegesticht
VT_1879_09_H1,Liefdegesticht (scholen)
VT_1879_09_H1,Lindenhofje
VT_1879_09_H1,Logeergebouw der artillerie
VT_1879_09_H1,Looijerstraat
VT_1879_09_H1,Luthers Diaconiehofje
VT_1879_09_H1,Luthersche hofje
VT_1879_09_H1,Luthersche wees- en armhuis
VT_1879_09_H1,Marine-Hospitaal
VT_1879_09_H1,Mariniers-kazerne
VT_1879_09_H1,Matrozen-Instituut (Schip Ajax)
VT_1879_09_H1,Moenshofje
VT_1879_09_H1,Ned. Herv. Armhuis
VT_1879_09_H1,Ned. Isr. Jongens-weeshuis
VT_1879_09_H1,Nederd. Geref. Diaconiehuis
VT_1879_09_H1,Nieuw Suikerhofje
VT_1879_09_H1,Nieuwe of Zonsche hofje
VT_1879_09_H1,Nooteboome Uitkijkhofje
VT_1879_09_H1,"Opleidingschip ""Admiraal van Wassenaer"""
VT_1879_09_H1,Oude Vrouwen- en Mannenhuis der hervormde gemeente
VT_1879_09_H1,Oude Weeshuis (Milit.)
VT_1879_09_H1,Oude mannen- en vrouwenhuis
VT_1879_09_H1,Overige huizen
VT_1879_09_H1,Pastorie der Alg. Hulpkerk
VT_1879_09_H1,"Port. Israël. Jongens weeshuis ""Abij Jetomim"""
VT_1879_09_H1,Portugeesch Israëlitisch Meisjes weeshuis
VT_1879_09_H1,Prins Hendrik-Stichting
VT_1879_09_H1,Prot. Weeshuis
VT_1879_09_H1,Proveniershuis van Nordingen
VT_1879_09_H1,R. C. Armhuis
VT_1879_09_H1,R. C. Gesticht
VT_1879_09_H1,R. C. Jongens weeshuis
VT_1879_09_H1,R. C. Kostschool
VT_1879_09_H1,R. C. Liefdegesticht
VT_1879_09_H1,R. C. Maagdenhuis
VT_1879_09_H1,R. C. Oude mannen- en vrouwenhuis. St. Jacob
VT_1879_09_H1,R. C. Weeshuis
VT_1879_09_H1,R. C. Ziekenverpleging
VT_1879_09_H1,R. C. armhuis
VT_1879_09_H1,Ramschip Guinéa
VT_1879_09_H1,Rapenhofje
VT_1879_09_H1,Regenboogs-Liefdehofje
VT_1879_09_H1,Rijks-arsenaal
VT_1879_09_H1,Rijksgebouwen bewoond door gehuwde militairen
VT_1879_09_H1,Rijkshospitaal
VT_1879_09_H1,Rijpenhofje
VT_1879_09_H1,Rozenhofje
VT_1879_09_H1,Schepen
VT_1879_09_H1,Schepen te Amsterdam te huis behoorende
VT_1879_09_H1,St. Aloysius-gesticht
VT_1879_09_H1,St. Andrieshofje
VT_1879_09_H1,St. Antonius gesticht
VT_1879_09_H1,St. Bernardus gesticht
VT_1879_09_H1,St. Elisabeth-gasthuishofje
VT_1879_09_H1,St. Jacobs wees- en armhuis
VT_1879_09_H1,St. Josephs-gesticht
VT_1879_09_H1,St. Martinusgebouw
VT_1879_09_H1,St. Piusgesticht
VT_1879_09_H1,Stads Ziekenhuis
VT_1879_09_H1,Stads armen- en ziekenhuis
VT_1879_09_H1,"Straalman-stichting, genaamd ""Magdalena Hodson"""
VT_1879_09_H1,Swigters familiënhofje
VT_1879_09_H1,Teijlershofje
VT_1879_09_H1,Toevlugt voor behoeftigen
VT_1879_09_H1,Tuinbouwschool Linneaus
VT_1879_09_H1,Van Beeckshofje
VT_1879_09_H1,Vereenigd arrest- en provoosthuis
VT_1879_09_H1,Verwershofje
VT_1879_09_H1,Vincentiusschool
VT_1879_09_H1,Vrouwen St. Antonies-gasthuishofje
VT_1879_09_H1,Vuurtoren
VT_1879_09_H1,Wachtschip
VT_1879_09_H1,"Wachtschip ""Prins Maurits"""
VT_1879_09_H1,Wees- en Armhuis
VT_1879_09_H1,Weeshuis
VT_1879_09_H1,"Weeshuis ""de Oranjeappel"""
VT_1879_09_H1,Wijnbergshofje
VT_1879_09_H1,Wildemanshofje
VT_1879_09_H1,Zeemanshuis
VT_1879_09_H1,Ziekenhuis
VT_1879_09_H1,Ziekenverpleging
VT_1879_09_H1,Ziekenverpleging Berkhout
VT_1879_09_H1,"Zr. Ms. schip ""het Loo"""
VT_1879_09_H1,Zuiderhofje
VT_1879_09_H1,Zusters van Liefde
VT_1879_09_H1,Zusterschool
VT_1879_09_H1,Zwaardvegershofje
VT_1879_10_H1,Algemeen burger gasthuis,2-41
VT_1879_10_H1,Armhuis,2-42
VT_1879_10_H1,Beggijnenhof
VT_1879_10_H1,Capucijnen klooster,2-72
VT_1879_10_H1,Capucijnerklooster,2-72
VT_1879_10_H1,Diaconie-gesticht,2-23
VT_1879_10_H1,Fort Bernsche Hoeve,2-53
VT_1879_10_H1,Fort Bovensluis,2-53
VT_1879_10_H1,Fort Crèvecoeur,2-53
VT_1879_10_H1,Fort Hoogen Maasdijk,2-53
VT_1879_10_H1,Fort Isabel,2-53
VT_1879_10_H1,Fort Papenbril (hoofdcursus),2-53
VT_1879_10_H1,Fort de Hel,2-53
VT_1879_10_H1,"Fraterhuis, klooster, kweeksch. en weeshuis",2-43,2-72
VT_1879_10_H1,Garnizoens ziekenhuis,2-21,2-51
VT_1879_10_H1,Garnizoens-bakkerij,2-51
VT_1879_10_H1,Garnizoens-hospitaal,2-51
VT_1879_10_H1,Garnizoens-infirmerie,2-51
VT_1879_10_H1,Garnizoensbakkerij,2-51
VT_1879_10_H1,Garnizoensbakkerij Hampoort,2-51
VT_1879_10_H1,Garnizoenshospitaal,2-51
VT_1879_10_H1,Gasthuis,2-41
VT_1879_10_H1,Gasthuis St. Catharina,2-41
VT_1879_10_H1,"Gesticht Croy, voor behoeftige mannen en vrouwen",2-23
VT_1879_10_H1,Gesticht van liefde,2-23
VT_1879_10_H1,"Gesticht voor blinden, weezen en verlaten jongens",2-23
VT_1879_10_H1,Gevangenis voor veroordeelde vrouwen en huis van burgerlijke en militaire verzekering,2-51
VT_1879_10_H1,Groot arsenaal,X
VT_1879_10_H1,Hoofdwacht,X
VT_1879_10_H1,Hoofdwachthuis,2-54
VT_1879_10_H1,Huis van Arrest,2-81
VT_1879_10_H1,Huis van bewaring,2-81
VT_1879_10_H1,Hôtel de ''Gouden Leeuw'',3-1
VT_1879_10_H1,Infanterie kazerne Noorderblok,2-52
VT_1879_10_H1,Instituut Hasselman,2-23
VT_1879_10_H1,Instituut St. Marie,3-2
VT_1879_10_H1,Instituut kostschool,2-62
VT_1879_10_H1,Instituut voor doofstommen,2-24
VT_1879_10_H1,Jongens- en meisjesweeshuis,2-43
VT_1879_10_H1,Kazerne,2-52
VT_1879_10_H1,Kazerne Koornmarkt,2-52
VT_1879_10_H1,Kazerne Markiezenhof,2-52
VT_1879_10_H1,Kazerne de maréchaussée,2-52
VT_1879_10_H1,Kazerne der huzaren,2-52
VT_1879_10_H1,Kazerne der infanterie,2-52
VT_1879_10_H1,Klooster,2-72
VT_1879_10_H1,Klooster Bethlehem,2-72
VT_1879_10_H1,Klooster Dommelrode,2-72
VT_1879_10_H1,Klooster Marie Refugée,2-72
VT_1879_10_H1,Klooster Nazareth,2-72
VT_1879_10_H1,Klooster der Capucijnessen,2-72
VT_1879_10_H1,Klooster der fraters,2-72
VT_1879_10_H1,Klooster der kruisheeren,2-72
VT_1879_10_H1,Koninklijk Militaire Akademie,2-51
VT_1879_10_H1,Kostschool
VT_1879_10_H1,Kostschool Bragtrop,2-62
VT_1879_10_H1,Kostschool en klooster,2-72,2-62
VT_1879_10_H1,Kostschool van Gevri,2-62
VT_1879_10_H1,Kostschool van J. Tieman,2-62
VT_1879_10_H1,Krankzinnigengesticht,2-23
VT_1879_10_H1,Liefdadigheidsgesticht,2-23
VT_1879_10_H1,Liefdegesticht,2-71
VT_1879_10_H1,Liefdegesticht met kostschool,2-71,2-62
VT_1879_10_H1,Liefdehuis
VT_1879_10_H1,"Liefdehuis, klooster, kweekschool, weeshuis en armhuis",2-43,2-72,2-42
VT_1879_10_H1,Magazijnmeesterswoning,2-51
VT_1879_10_H1,Mannenklooster,2-72
VT_1879_10_H1,"Markt, kazerne",2-52
VT_1879_10_H1,Maréchausséekazerne,2-52
VT_1879_10_H1,Militair woonhuis,2-51
VT_1879_10_H1,Minderbroedersklooster,2-72
VT_1879_10_H1,Opvoedingsgesticht,2-23
VT_1879_10_H1,Oud seminarie,2-73
VT_1879_10_H1,Oude mannen- en vrouwenhuis,2-31
VT_1879_10_H1,Oude mannenhuis,2-31
VT_1879_10_H1,Oude vrouwenhuis,2-32
VT_1879_10_H1,Overige huizen,2-0
VT_1879_10_H1,Pensionaat,2-63
VT_1879_10_H1,Protestantsch weeshuis,2-43
VT_1879_10_H1,R. C. gasthuis,2-41
VT_1879_10_H1,Roomsch Catholijk liefdegesticht,2-23
VT_1879_10_H1,Roomsch weeshuis,2-43
VT_1879_10_H1,Roomsch-katholiek gasthuis
VT_1879_10_H1,Schepen,2-10
VT_1879_10_H1,Seminarie
VT_1879_10_H1,"St. Anthoniusgesticht, kostschool",2-23,2-62
VT_1879_10_H1,"St. Elisabethsgesticht, gasthuis",2-23,2-41
VT_1879_10_H1,St. Jansgasthuis,2-41
VT_1879_10_H1,St. Oda-kloost.,2-72
VT_1879_10_H1,Vrouwenklooster,2-72
VT_1879_10_H1,Wacht aan de Waterpoort,2-51
VT_1879_10_H1,Wachth. a/d. Waterpoort,2-54
VT_1879_10_H1,Wachthuis,2-54
VT_1879_10_H1,Wachthuis Maaspoort,2-54
VT_1879_10_H1,Wachthuis bij de Koepoort,2-54
VT_1879_10_H1,Weeshuis
VT_1879_10_H1,Weeshuis der Hervormden,2-43
VT_1879_10_H1,Woning voor militairen,2-51
VT_1879_10_H1,Zieken-gasthuis,2-41
VT_1879_10_H1,Ziekenhuis,2-21
VT_1879_10_H1,fort,2-53
VT_1879_10_H1,fort Orthen,2-53
VT_1879_10_H1,gasthuis
VT_1879_10_H1,gesticht voor liefdezusters,2-23
VT_1879_10_H1,kazerne der maréchaussée
VT_1879_10_H1,klein seminarie,2-73
VT_1879_10_H1,klooster
VT_1879_10_H1,klooster St. Catharina-dal,2-72
VT_1879_10_H1,klooster Zoeterbeek,2-72
VT_1879_10_H1,klooster der Clarissen,2-72
VT_1879_10_H1,kostschool,2-62
VT_1879_10_H1,"kostschool, instituut Bijsterveld",2-62
VT_1879_10_H1,liefdegesticht
VT_1879_10_H1,liefdehuis,2-71
VT_1879_10_H1,"liefdehuis, gasthuis",2-41
VT_1879_10_H1,nonnenklooster,2-72
VT_1879_10_H1,seminarie,2-73
VT_1879_10_H1,seminarie Ypelaar,2-73
VT_1879_10_H1,"wachterswoning, legerplaats",2-51
VT_1879_10_H1,weeshuis,2-43
VT_1879_11_H1,Asyl Steenbeek,X
VT_1879_11_H1,Badh. Bethesda,X
VT_1879_11_H1,Bentincks Weduwenhuis,2-33
VT_1879_11_H1,Bethel,X
VT_1879_11_H1,Burger Weeshuis der Ned. Herv. Gemeente,2-43
VT_1879_11_H1,Burgerweeshuis,2-43
VT_1879_11_H1,Canisius Ziekenhuis,2-21
VT_1879_11_H1,Coop Schrasserts won.,X
VT_1879_11_H1,Directiekeet,2-12
VT_1879_11_H1,Directiekeet behoorende tot het fort bij Nieuwe Steeg,2-12
VT_1879_11_H1,Doorgangshuis,2-45
VT_1879_11_H1,Dortmonds Weduwenhuis,2-33
VT_1879_11_H1,Elisabeth Weeshuis,2-43
VT_1879_11_H1,Evangelisch Luthersch hofje,2-9
VT_1879_11_H1,Feitenhof,X
VT_1879_11_H1,Fort,2-53
VT_1879_11_H1,Fort (beneden Lent),2-53
VT_1879_11_H1,Fort (boven Lent),2-53
VT_1879_11_H1,Fort Vuren,2-53
VT_1879_11_H1,Fort op den hoofddam bij Pannerden,2-53
VT_1879_11_H1,Fortwachterswoning,2-53
VT_1879_11_H1,Garnizoens Bakkerij,2-51
VT_1879_11_H1,Garnizoens Infirmerie,2-51
VT_1879_11_H1,Garnizoens-bakkerij,2-51
VT_1879_11_H1,Garnizoens-infirmerie,2-51
VT_1879_11_H1,Gasthuis,2-41
VT_1879_11_H1,Gasthuis der Hervormden,2-41
VT_1879_11_H1,Gebr. Bakker's Weeshuis,2-43
VT_1879_11_H1,Gecombineerd Weeshuis,2-43
VT_1879_11_H1,Gesticht Bornhof,2-23
VT_1879_11_H1,Gesticht voor Israelitische oude mannen en vrouwen,2-23
VT_1879_11_H1,Groen van Prinsterenschool,2-61
VT_1879_11_H1,Gymnasium,X
VT_1879_11_H1,Herv. Armenhuis,2-42
VT_1879_11_H1,Herv. Burger-Weeshuis,2-43
VT_1879_11_H1,Hervormd Weeshuis,2-43
VT_1879_11_H1,Hervormd weeshuis
VT_1879_11_H1,Hoofdwacht,X
VT_1879_11_H1,Hotel Zwijnshoofd,3-1
VT_1879_11_H1,Hotel de Paauw,3-1
VT_1879_11_H1,Hotel des Pays-Bas,3-1
VT_1879_11_H1,Huis bewoond door milit.,2-51
VT_1879_11_H1,Huis van Arrest,2-81
VT_1879_11_H1,Huis van Bewaring,2-81
VT_1879_11_H1,Huis van barmhartigheid,X
VT_1879_11_H1,Huis van bewaring
VT_1879_11_H1,Huis van burgerlijke en militaire verzekering,2-51
VT_1879_11_H1,Huizen,1-0
VT_1879_11_H1,Huizen bewoond door militairen,2-51
VT_1879_11_H1,Hôtel Bellevue,3-1
VT_1879_11_H1,Hôtel Boule d'or,3-1
VT_1879_11_H1,Hôtel Kernheim,3-1
VT_1879_11_H1,Hôtel Roesink,3-1
VT_1879_11_H1,Hôtel de Zon,3-1
VT_1879_11_H1,Infirmerie,X
VT_1879_11_H1,Inrigting Ruimzigt (kweekschool),2-61
VT_1879_11_H1,Kazerne Oranje-Nassau,2-52
VT_1879_11_H1,Klooster,2-72
VT_1879_11_H1,Klooster Harveld,2-72
VT_1879_11_H1,Kloosterkazerne,2-52
VT_1879_11_H1,Koloniaal Militair invalidenhuis Bronbeek,2-51
VT_1879_11_H1,Kostschool,2-62
VT_1879_11_H1,Kostschool A.M. Dekkers,2-62
VT_1879_11_H1,Kostschool van Klomp,2-62
VT_1879_11_H1,Kostschool van Mej. Kosters,2-62
VT_1879_11_H1,Kweekschool voor onderwijzeressen,2-61
VT_1879_11_H1,Landbouw-kolonie Nederlandsch Mettray,X
VT_1879_11_H1,Legerplaats op de Oldebroeksche heide,X
VT_1879_11_H1,Liefdegesticht,2-71
VT_1879_11_H1,Magazijn der Artillerie,2-51
VT_1879_11_H1,Mauritskazerne,2-52
VT_1879_11_H1,"Meisjesschool, Urseline klooster",2-72
VT_1879_11_H1,Milit. nachtleger magazijn,2-51
VT_1879_11_H1,Militaire Broodbakkerij,2-51
VT_1879_11_H1,Militaire woningen,2-51
VT_1879_11_H1,Militaire woningen aan het Noordpad en den Klarendaalsche weg,2-51
VT_1879_11_H1,Nachtlegermagazijn,2-51
VT_1879_11_H1,Nieuw Weeshuis der Ned. Herv. Gemeente,2-43
VT_1879_11_H1,Normaalschool,2-61
VT_1879_11_H1,Opzichterswoning,X
VT_1879_11_H1,Opzigterskeet,2-12
VT_1879_11_H1,Oud Burger Gasthuis,2-41
VT_1879_11_H1,"Oud mannen- , vrouwen- en Ziekenhuis",2-21
VT_1879_11_H1,Oude Vrouwenhuis,2-32
VT_1879_11_H1,Oude en Nieuwe Gasthuis en Krankzinnigen gesticht,2-23,2-41
VT_1879_11_H1,Oude mannen en vrouwenhuis,2-31
VT_1879_11_H1,Overige huizen,2-0
VT_1879_11_H1,Particulier Burger Weeshuis,2-43
VT_1879_11_H1,Passantenhuis,X
VT_1879_11_H1,"Pastorie, inrigting voor Hooger Onderwijs",X
VT_1879_11_H1,Pensionaat,2-63
VT_1879_11_H1,Pensionaat Marienthal,2-63
VT_1879_11_H1,Prot. Armen Weeshuis,2-43
VT_1879_11_H1,Prot. Burger Weeshuis,2-43
VT_1879_11_H1,Protestantsch bestedelingenhuis,X
VT_1879_11_H1,R. C. Armenhuis,2-42
VT_1879_11_H1,R. C. Hiacinthusgesticht,2-23
VT_1879_11_H1,R. C. Semenarie,X
VT_1879_11_H1,R. C. St. Walburgshofje,2-9
VT_1879_11_H1,R. C. Weeshuis,2-43
VT_1879_11_H1,R. C. liefdesgesticht,2-71
VT_1879_11_H1,R. Cath. Bestedelingenhuis,X
VT_1879_11_H1,R. Cath. Weduwenhuis,2-33
VT_1879_11_H1,Roomsch Katholijk Gesticht,2-23
VT_1879_11_H1,Ruitershofje,2-9
VT_1879_11_H1,Schepen,2-10
VT_1879_11_H1,St. Catharina gasthuis,2-41
VT_1879_11_H1,St. Elisabeths gesticht,2-23
VT_1879_11_H1,Talitha Kumi,X
VT_1879_11_H1,Verdedigingswerk aan 't Spoel,X
VT_1879_11_H1,Wachterswoning,2-51
VT_1879_11_H1,Wachterswoning behoorende tot het fort St. Andries,2-51
VT_1879_11_H1,Wachtlokaal,X
VT_1879_11_H1,Wagens,2-11
VT_1879_11_H1,Wapenmagazijn,2-51
VT_1879_11_H1,Weduwenhofje,2-33
VT_1879_11_H1,Weduwenhuis,2-33
VT_1879_11_H1,Weduwenhuis over den Broeren,2-33
VT_1879_11_H1,Weeshuis,2-43
VT_1879_11_H1,Weesinrigting van J. van 't Lindenhout,2-43
VT_1879_11_H1,Willemskazerne,2-52
VT_1879_11_H1,Ziekenhuis,2-21
VT_1879_11_H1,Ziekenhuis (Gasthuis),2-21
VT_1889_10_H1,Armenweeshuis,2-43
VT_1889_10_H1,Armgesticht Annahof,2-23
VT_1889_10_H1,Armgesticht Jorishof,2-23
VT_1889_10_H1,Armgesticht Molenberg,2-23
VT_1889_10_H1,Armh. der Christ. Geref. gem.
VT_1889_10_H1,Armhuis,2-42
VT_1889_10_H1,Armhuis Diaconie Ned. Herv. Gemeente,2-42
VT_1889_10_H1,Armhuizen,2-42
VT_1889_10_H1,Burgel. Armhuis
VT_1889_10_H1,Burgergasthuis,2-41
VT_1889_10_H1,Burgerweeshuis,2-43
VT_1889_10_H1,Buurschap 't Molentje
VT_1889_10_H1,Buurt Maagd van Gent
VT_1889_10_H1,Buurtschap Luriedijk of Ponte Avancée
VT_1889_10_H1,Buurtschap Turkeije
VT_1889_10_H1,Cath. Zusterschool,2-61
VT_1889_10_H1,Depot van discipline,X
VT_1889_10_H1,Depot van discipline  bijgebouw
VT_1889_10_H1,Diaconie Armhuis,2-42
VT_1889_10_H1,Diaconie-Armhuis N.H. gem.,2-42
VT_1889_10_H1,Fort,2-53
VT_1889_10_H1,Gasthuis,2-41
VT_1889_10_H1,Gesticht den Bal,2-23
VT_1889_10_H1,Gesticht v/d H. Franciscus,2-23
VT_1889_10_H1,Godshuis,2-44
VT_1889_10_H1,Godshuis Carst,2-44
VT_1889_10_H1,Hervormd Daconie Verplegingshuis,2-22
VT_1889_10_H1,Huis van bewaring,2-81
VT_1889_10_H1,Huizen,1-0
VT_1889_10_H1,Id. Burgerlijk Armbestuur
VT_1889_10_H1,Instituut Linschoten,3-2
VT_1889_10_H1,Israëlietisch armhuis
VT_1889_10_H1,Kazerne,2-52
VT_1889_10_H1,Kazerne (voorm. Infirmerie),2-52
VT_1889_10_H1,Kazerne Marchaussee
VT_1889_10_H1,Kazerne Marechaussee,2-52
VT_1889_10_H1,Kazerne der Kon. Marechaussee
VT_1889_10_H1,Kostschool voor meisjes,2-62
VT_1889_10_H1,Lichtschip Noordhinder
VT_1889_10_H1,Liefdehuis
VT_1889_10_H1,Manhuis,X
VT_1889_10_H1,Marechaussee-kazerne,2-52
VT_1889_10_H1,Militair hospitaal,2-51
VT_1889_10_H1,Militaire woning,2-51
VT_1889_10_H1,Militaire woningen,2-51
VT_1889_10_H1,Oranje-kazerne
VT_1889_10_H1,Oudemannen- en vrouwenhuis,2-31
VT_1889_10_H1,Overige huizen,2-0
VT_1889_10_H1,Overige schepen,2-10
VT_1889_10_H1,R. Kath. School voor meisjes,2-61
VT_1889_10_H1,Roomsch Kath. Weeshuis,2-43
VT_1889_10_H1,Schepen,2-10
VT_1889_10_H1,Shepen,2-10
VT_1889_10_H1,St. Anna-klooster (nonnenschool),2-72,2-61
VT_1889_10_H1,St. Antoniusgesticht,2-23
VT_1889_10_H1,St. Cornella-Liefdehuis,2-71
VT_1889_10_H1,St. Jacobsgesticht (Nonnenschool)
VT_1889_10_H1,Stoomkanonneerboot Geep
VT_1889_10_H1,Strafgevangenis,2-81
VT_1889_10_H1,Tijd. aanw. schepen,2-10
VT_1889_10_H1,Tijdelijk aanwezige schepen
VT_1889_10_H1,Transportschoener Coertsen,X
VT_1889_10_H1,Verspreide huizen,1-0
VT_1889_10_H1,Weeshuis,2-43
VT_1889_12_H1,'t Gesticht van Liefdadigheid
VT_1889_12_H1,(Hieronder 2 woonwagens),2-11
VT_1889_12_H1,1 Wagen,2-11
VT_1889_12_H1,2 Keeten,2-12
VT_1889_12_H1,2 tijdelijk aanwezige wagens
VT_1889_12_H1,Algemeen Burger-Gasthuis,2-41
VT_1889_12_H1,Armemannen- en jongensgesticht
VT_1889_12_H1,Begijhof
VT_1889_12_H1,Bestuur der bijzondere school en bewaarschool
VT_1889_12_H1,Bethlehemklooster,2-72
VT_1889_12_H1,Broedershuis
VT_1889_12_H1,Capucijnerklooster,2-72
VT_1889_12_H1,Clarissenklooster,2-72
VT_1889_12_H1,De Abdij van Berne,X
VT_1889_12_H1,Departementale school
VT_1889_12_H1,Diaconiegesticht,2-23
VT_1889_12_H1,Een tijdel. aanw. woonwagen
VT_1889_12_H1,Elisabethgesticht
VT_1889_12_H1,Fort Bovensluis
VT_1889_12_H1,Fort Isabelle,2-53
VT_1889_12_H1,Fort Orthen,2-53
VT_1889_12_H1,Fort de Hel,2-53
VT_1889_12_H1,Franciscanessen,2-72
VT_1889_12_H1,Fratersgesticht Alouisius,2-23
VT_1889_12_H1,Garniezoenshospitaal
VT_1889_12_H1,Garnizoensbakkerij,2-51
VT_1889_12_H1,Gast- Oudemannen- en vrouwenhuis,2-31
VT_1889_12_H1,Gasthuis,2-41
VT_1889_12_H1,Geneesk. gesticht voor krankzinnigen: Huize Padua,2-23
VT_1889_12_H1,Gereformeerd Armweeshuis
VT_1889_12_H1,Gesticht Croij,2-23
VT_1889_12_H1,Gesticht St. Jan,2-23
VT_1889_12_H1,Gesticht Zusters van Liefde
VT_1889_12_H1,Groot Arsenaal,X
VT_1889_12_H1,Groot Seminarie,2-73
VT_1889_12_H1,Groot Ziekengasthuis,2-41
VT_1889_12_H1,Hervormd Weeshuis,2-43
VT_1889_12_H1,Het Gasthuis,2-41
VT_1889_12_H1,Het Klooster Bethlehem,2-72
VT_1889_12_H1,Het Liefdehuis,X
VT_1889_12_H1,Het Missiehuis
VT_1889_12_H1,Het St. Antoniusgesticht,2-23
VT_1889_12_H1,"Het krankzinnigengesticht ""Voorburg"""
VT_1889_12_H1,Hintham,X
VT_1889_12_H1,Hoofdcursus der Infanterie,2-23
VT_1889_12_H1,Hoofdwacht,X
VT_1889_12_H1,Hospital,X
VT_1889_12_H1,Huis van bewaring
VT_1889_12_H1,Huis van bewaring en Strafgevangenis,2-81
VT_1889_12_H1,Huizen,1-0
VT_1889_12_H1,Huizen en Schepen,2-10
VT_1889_12_H1,Inrichting R.C. Hooger Onderwijs
VT_1889_12_H1,Instituut,3-2
VT_1889_12_H1,Instituut St. Louis
VT_1889_12_H1,Instituut St. Maria,3-2
VT_1889_12_H1,Instituut Vredeoord (Kostschool)
VT_1889_12_H1,Kazerne,2-52
VT_1889_12_H1,Kazerne Groot Arsenaal
VT_1889_12_H1,Kazerne Koornmarkt
VT_1889_12_H1,Kazerne Korte Stallen op het Nonnenveld.
VT_1889_12_H1,Kazerne Marech.,2-52
VT_1889_12_H1,Kazerne Markiezenhof
VT_1889_12_H1,Kazerne Noorderblok,2-52
VT_1889_12_H1,Kazerne Zuiderblok,2-52
VT_1889_12_H1,Kazerne de Arsenalen
VT_1889_12_H1,Kazerne der Artillerie,2-52
VT_1889_12_H1,Kazerne der Huzaren,2-52
VT_1889_12_H1,Kazerne der Infanterie,2-52
VT_1889_12_H1,Keeten,2-12
VT_1889_12_H1,Klein Arsenaal,X
VT_1889_12_H1,Klein Seminarie,2-73
VT_1889_12_H1,Klooster,2-72
VT_1889_12_H1,Klooster (Eerw. Paters Jezuieten)
VT_1889_12_H1,Klooster Dommelrode
VT_1889_12_H1,Klooster Kruisheeren,2-72
VT_1889_12_H1,Klooster Redemptoristen,2-72
VT_1889_12_H1,Klooster der Fraters,2-72
VT_1889_12_H1,Klooster der Jezuïeten
VT_1889_12_H1,Koninklijke Militaire Akademie
VT_1889_12_H1,Kostschool,2-62
VT_1889_12_H1,"Kostschool ""Brogtrop"""
VT_1889_12_H1,Kostschool R. Prins
VT_1889_12_H1,Kostschool van J.G. Rorik,2-62,2-62
VT_1889_12_H1,Krankzinnigengesticht,2-23
VT_1889_12_H1,Lepelstraat
VT_1889_12_H1,Liefdadigheidsgesticht,2-23
VT_1889_12_H1,Liefdegest. Inrichting v. onderwijs,2-71
VT_1889_12_H1,Liefdegesticht,2-71
VT_1889_12_H1,Liefdegesticht H. Jacobus Major,2-71
VT_1889_12_H1,Liefdehuis,X
VT_1889_12_H1,Liefdehuis. Gasthuis,2-41
VT_1889_12_H1,Liefdesgesticht,2-71
VT_1889_12_H1,Mannenklooster
VT_1889_12_H1,Mannnen-Gasthuis,2-41
VT_1889_12_H1,Marechaussee-kazerne,2-52
VT_1889_12_H1,Militair Hospitaal,2-51
VT_1889_12_H1,Militair hospitaal
VT_1889_12_H1,Militaire woningen,2-51
VT_1889_12_H1,Minderbroedersklooster,2-72
VT_1889_12_H1,Missionarissen van het H. Hart (Klooster),2-72
VT_1889_12_H1,Molenstraat
VT_1889_12_H1,Mortel
VT_1889_12_H1,N. H. Weeshuis,2-43
VT_1889_12_H1,O.L.V. Moeder van barmhartigheid (Klooster),2-72
VT_1889_12_H1,Opvoedinggesticht Ruivenberg
VT_1889_12_H1,Oude Infirmerie
VT_1889_12_H1,Oudemannen- en vrouwenhuis,2-31
VT_1889_12_H1,Oudemannenhuis,2-31
VT_1889_12_H1,Oudemannenhuis (Macpherson),2-31
VT_1889_12_H1,Oudevrouwenhuis
VT_1889_12_H1,Oveige huizen,1-0
VT_1889_12_H1,Overige Huizen
VT_1889_12_H1,Overige huizen,2-0
VT_1889_12_H1,Paters Capucijnen (Klooster),2-72
VT_1889_12_H1,Pensionaat,2-63
VT_1889_12_H1,Piusgesticht,2-23
VT_1889_12_H1,Protestantsch Armhuis
VT_1889_12_H1,Provoostgebouw,X
VT_1889_12_H1,R. C. Jongensweeshuis
VT_1889_12_H1,R. C. Liefdegesticht
VT_1889_12_H1,R. C. Meisjesweeshuis
VT_1889_12_H1,R. C. school
VT_1889_12_H1,R. C.Klooster
VT_1889_12_H1,R. K. Bijz. school
VT_1889_12_H1,R.C. Bijzondere school en Gasthuis,2-41
VT_1889_12_H1,R.C. Gasthuis,2-41
VT_1889_12_H1,R.C. Kostschool,2-62
VT_1889_12_H1,R.C. School voor Jongens,2-61
VT_1889_12_H1,R.C. Weeshuis
VT_1889_12_H1,R.K. Weeshuis,2-43
VT_1889_12_H1,Roomsch Armhuis
VT_1889_12_H1,Roomsch Katholiek Burgerweeshuis
VT_1889_12_H1,Roomsch Weeshuis
VT_1889_12_H1,Roomsch- Katholiek Gasthuis
VT_1889_12_H1,S. Aloysiusgesticht,2-23
VT_1889_12_H1,Schepen,2-10
VT_1889_12_H1,Seminarie St. Vincentius à Paulo
VT_1889_12_H1,Seminarium,2-73
VT_1889_12_H1,Sluis No 1,X
VT_1889_12_H1,St. Annagesticht,2-23
VT_1889_12_H1,St. Antonius- opvoedingsgesticht,2-23
VT_1889_12_H1,St. Antoniusgesticht,2-23
VT_1889_12_H1,St. Catharina-Gasthuis,2-41
VT_1889_12_H1,St. Elisabethgesticht,2-23
VT_1889_12_H1,St. Joris-Gasthuis
VT_1889_12_H1,St. Josephgesticht (Ziekenhuis),2-23,2-21
VT_1889_12_H1,St. Josephschool,2-61
VT_1889_12_H1,St. Jozefgesticht,2-23
VT_1889_12_H1,St. Leonardusgesticht
VT_1889_12_H1,St. Maria's-gesticht
VT_1889_12_H1,St. Marinusgesticht,2-23
VT_1889_12_H1,St. Nicolaasgesticht
VT_1889_12_H1,St. Nikolaasklooster
VT_1889_12_H1,St. Odaklooster
VT_1889_12_H1,St. Philomenagesticht,2-23
VT_1889_12_H1,St. Thomasgesticht,2-23
VT_1889_12_H1,Strafgevangenis
VT_1889_12_H1,Tijd. aanw. schepen
VT_1889_12_H1,Tijd. aanw. woonwagen
VT_1889_12_H1,Trappistenklooster,2-72
VT_1889_12_H1,Vereeniging Eerw. Paters Jezuïeten
VT_1889_12_H1,Verschillende polderkeeten,2-12
VT_1889_12_H1,Vincentiusgesticht
VT_1889_12_H1,Vrouwenklooster,2-72
VT_1889_12_H1,Wachthuis Waterpoort,2-54
VT_1889_12_H1,Wachthuis. Voormalige Maaspoort
VT_1889_12_H1,Wijnands Fundatie
VT_1889_12_H1,Woningen voor Militairen
VT_1889_12_H1,Woonwagens,2-11
VT_1889_12_H1,Ziekengasthus,2-21
VT_1889_12_H1,Zusters Fransiscanessen van de H.Familie (Klooster),2-72
VT_1889_13_H1,Annexe van het missiehuis,X
VT_1889_13_H1,Annuntiaten-klooster
VT_1889_13_H1,Armhuis (St. Vincentius)
VT_1889_13_H1,Arsenaal-kazerne
VT_1889_13_H1,Bisschoppelijk college en kostschool,2-62,2-62
VT_1889_13_H1,Buurtschap Boschhuizen
VT_1889_13_H1,Buurtschap Brabander
VT_1889_13_H1,Buurtschap Brukske
VT_1889_13_H1,Buurtschap Hoogriebroek
VT_1889_13_H1,Buurtschap Schoor
VT_1889_13_H1,College Albertinum,2-61
VT_1889_13_H1,College en Pensionaat,2-63
VT_1889_13_H1,Fort Willem I.
VT_1889_13_H1,Franciscanen- klooster,2-72
VT_1889_13_H1,Garnizoen-infirmerie,2-51
VT_1889_13_H1,Garnizoensbakkerij. (Voorm. Kruisheeren-Klooster),2-51
VT_1889_13_H1,Garnizoenshospitaal,2-51
VT_1889_13_H1,Gasthuis,2-41
VT_1889_13_H1,Gebrekkigenhuis,X
VT_1889_13_H1,Gehucht Castenraij
VT_1889_13_H1,Gehucht Groot Oirlo
VT_1889_13_H1,Gehucht Klein Oirlo
VT_1889_13_H1,Gehucht Lull
VT_1889_13_H1,Gehucht Oostrum
VT_1889_13_H1,Gehucht Smackt
VT_1889_13_H1,Genie-bureau en Magazijn,X
VT_1889_13_H1,Gereformeerd Weeshuis,2-43
VT_1889_13_H1,"Gesticht (St. Jozef) voor oudelieden, gebrekkigen en kinderen",2-23
VT_1889_13_H1,Gevangenis,2-81
VT_1889_13_H1,Hofje van St. Marten,2-9
VT_1889_13_H1,Huis van arrest,2-81
VT_1889_13_H1,Huizen,1-0
VT_1889_13_H1,Hôtel van Commensalen
VT_1889_13_H1,Infanterie -kazerne (Les bons enfants)
VT_1889_13_H1,Jezuïetenklooster
VT_1889_13_H1,Josephiten-klooster en Armhuis (St. Joseph),2-72,2-42
VT_1889_13_H1,Kazerne der Koninklijke Marechaussee,2-52
VT_1889_13_H1,Klein Seminarie
VT_1889_13_H1,Klooster d. Franciscanessen
VT_1889_13_H1,Krankzinnigenhuis,2-23
VT_1889_13_H1,Marechausse-kazerne,2-52
VT_1889_13_H1,Marechaussee-kazerne,2-52
VT_1889_13_H1,Marechaussee-kazerne. (Gedeelte Paleis van Justitie),2-52
VT_1889_13_H1,Marrechausse-kazerne,2-52
VT_1889_13_H1,Marrechaussee-kazerne,2-52
VT_1889_13_H1,Militair hospitaal,2-51
VT_1889_13_H1,Minderbroederskazerne,2-52
VT_1889_13_H1,Missiehuis,X
VT_1889_13_H1,Missiehuis (Annexe)
VT_1889_13_H1,Missiehuis (Vereeniging St. Marie),2-72
VT_1889_13_H1,O.L. Vr. Conventje
VT_1889_13_H1,Opvoedingsgesticht van de kloosterzusters van den H. Aloysius
VT_1889_13_H1,Opzichterswoning,X
VT_1889_13_H1,Oudemannen- (Twaalf Apostelen) huis
VT_1889_13_H1,Overige huizen,2-0
VT_1889_13_H1,Protestantsche Kostschool
VT_1889_13_H1,R. K. Weeshuis,2-43
VT_1889_13_H1,R.C. Weeshuis,2-43
VT_1889_13_H1,R.C.Godshuis (Louisa-huis)
VT_1889_13_H1,R.K. Armhuis. (Nieuwenhof),2-42
VT_1889_13_H1,R.K. Ziekengasthuis (St. Joseph)
VT_1889_13_H1,Religieuse Vereeniging (Oblaten van Maria)
VT_1889_13_H1,Roermondspoort-kazerne,2-52
VT_1889_13_H1,Schepen,2-10
VT_1889_13_H1,Seminarie,2-73
VT_1889_13_H1,St. Gilles-Gasthuis,2-41
VT_1889_13_H1,St. Jansgasthuis,2-41
VT_1889_13_H1,St. Mathias Conventje,X
VT_1889_13_H1,Tijd. aanw. schepen
VT_1889_13_H1,Ursulinen-klooster en kostschool,2-72,2-62
VT_1889_13_H1,Weeshuis (St. Joseph),2-43
VT_1889_13_H1,Ziekenhuis. (Calvarienberg),2-21
VT_1889_13_H1,Zusters van Afrika. (Postulaat),2-72
VT_1879_01_H1,Abbe Freerks Gabbema gasthuis,2-41
VT_1879_01_H1,Algemeen Armhuis,2-42
VT_1879_01_H1,Algemeen armhuis
VT_1879_01_H1,Armengesticht,2-23
VT_1879_01_H1,Armgesticht,2-23
VT_1879_01_H1,Armhuis,2-42
VT_1879_01_H1,Armhuis van het burgerlijk armbestuur,2-42
VT_1879_01_H1,Boshuijzer gasthuis,2-41
VT_1879_01_H1,Cellulaire gevangenis,2-81
VT_1879_01_H1,Diaconie armh.,2-42
VT_1879_01_H1,Diaconie weeshuis,2-43
VT_1879_01_H1,Diaconie-Armhuis,2-42
VT_1879_01_H1,Diaconie-gasthuis,2-41
VT_1879_01_H1,Diakonie armhuis der Ned. Herv. Gemeente,2-42
VT_1879_01_H1,Dr. H. van Popta gasthuis,2-41
VT_1879_01_H1,Garnizoens-Infirmerie,2-51
VT_1879_01_H1,Garnizoensbakkerij,2-51
VT_1879_01_H1,Gasthuis Vredenhof,2-41
VT_1879_01_H1,Herv. Diaconie armgesticht,2-23
VT_1879_01_H1,Hervormd diaconiehuis,2-75
VT_1879_01_H1,Huis van arrest,2-81
VT_1879_01_H1,Huis van burgerlijke en militaire verzekering,2-51
VT_1879_01_H1,Hôtel Nieuw Duinkerken
VT_1879_01_H1,Hôtel Phoenix,3-1
VT_1879_01_H1,Hôtel de Nieuwe Doelen,3-1
VT_1879_01_H1,Kavalleriestalling,2-51
VT_1879_01_H1,Kazerne der Infanterie,2-52
VT_1879_01_H1,Klaarkampsterweeshuis,2-43
VT_1879_01_H1,Kolonie der Maatschappij van weldadigheid
VT_1879_01_H1,Kostschool,2-62
VT_1879_01_H1,Krankzinnigengesticht,2-23
VT_1879_01_H1,Marcelis Goverts gasthuis,2-41
VT_1879_01_H1,Nieuw St. Anthonij gasthuis,2-41
VT_1879_01_H1,Nieuw Stadsweeshuis,2-43
VT_1879_01_H1,Old Burger Weeshuis,2-43
VT_1879_01_H1,Old Burger weeshuis
VT_1879_01_H1,Oud St. Anthonij gasthuis,2-41
VT_1879_01_H1,Overige huizen,2-0
VT_1879_01_H1,Popma-gasthuis,2-41
VT_1879_01_H1,R.C. Armhuis,2-42
VT_1879_01_H1,R.C. arm- en weeshuis,2-43
VT_1879_01_H1,R.C. armengesticht,2-23
VT_1879_01_H1,Ritske Boelema gasthuis,2-41
VT_1879_01_H1,Roomsch Catholiek armgesticht,2-23
VT_1879_01_H1,Schepen,2-10
VT_1879_01_H1,St. Annagesticht,2-23
VT_1879_01_H1,St. Anthonij gasthuis,2-41
VT_1879_01_H1,St. Elizabethsgesticht,2-23
VT_1879_01_H1,St. Joseph gesticht,2-23
VT_1879_01_H1,Stads Armhuis,2-42
VT_1879_01_H1,Stads Burgerweeshuis,2-43
VT_1879_01_H1,Stads Ziekenhuis,2-21
VT_1879_01_H1,"Stichting ""Fribourg"""
VT_1879_01_H1,Wees- en armhuis,2-42
VT_1879_01_H1,Weeshuis,2-43
VT_1879_01_H1,Westerhuis vrouwengasthuis,2-41
VT_1879_01_H1,Ziekenhuis,2-21
VT_1879_02_H1,Armhuis
VT_1879_02_H1,Armhuis der N.H. gemeente
VT_1879_02_H1,Bestedelingshuis der Ned. Herv. Diaconie
VT_1879_02_H1,Binnengasthuis
VT_1879_02_H1,Boven Proveniershuis
VT_1879_02_H1,Broerenkazerne
VT_1879_02_H1,Buitengasthuis
VT_1879_02_H1,Burger Weeshuis
VT_1879_02_H1,Cellulaire Gevangenis
VT_1879_02_H1,Emanuelshuis
VT_1879_02_H1,Garnizoens-Infirmerie
VT_1879_02_H1,Garnizoens-bakkerij
VT_1879_02_H1,"Gesticht ""Averingsvergadering"""
VT_1879_02_H1,Gesticht Ommerschans
VT_1879_02_H1,Gesticht van Liefde
VT_1879_02_H1,Groot Burger Weeshuis der Ned. Herv. gemeente
VT_1879_02_H1,Groote en Voorster-Gasthuis
VT_1879_02_H1,Haersoltenhuis
VT_1879_02_H1,Heerinkshuis
VT_1879_02_H1,Heiligen Geesten Gasthuis
VT_1879_02_H1,Hervormd Armen Weeshuis
VT_1879_02_H1,"Hotel ""de Gouden Leeuw"""
VT_1879_02_H1,"Hotel ""de Graaf"""
VT_1879_02_H1,"Hotel ""de Keizer"""
VT_1879_02_H1,"Hotel ""de Klomp"""
VT_1879_02_H1,Huis van Arrest
VT_1879_02_H1,Huis van bewaring
VT_1879_02_H1,"Hôtel ""Heerenlogement"""
VT_1879_02_H1,"Hôtel ""Pays-Bas"""
VT_1879_02_H1,"Hôtel ""de Keizerskroon"""
VT_1879_02_H1,Karmelieten klooster
VT_1879_02_H1,Kazerne
VT_1879_02_H1,"Kazerne: ""de Ruiterstallen"""
VT_1879_02_H1,Keizers- of Jordensplaats
VT_1879_02_H1,Klooster
VT_1879_02_H1,Klooster der Franciscanen
VT_1879_02_H1,Kolonie
VT_1879_02_H1,Kostschool
VT_1879_02_H1,Kostschool van H. Stael
VT_1879_02_H1,Kostschool van Weber
VT_1879_02_H1,Krankzinnigen-Gesticht
VT_1879_02_H1,Larinksgesticht
VT_1879_02_H1,"Logement: ""huis 't Anker"""
VT_1879_02_H1,Ned. Herv. Weeshuis
VT_1879_02_H1,Ommerschans (Rijksgesticht)
VT_1879_02_H1,Oude Mannen- en Vrouwenhuis van het Gem. Armbest. der N.H. gemeente
VT_1879_02_H1,Oude Vrouwenhuis
VT_1879_02_H1,Oude mannen- en vrouwenhuis
VT_1879_02_H1,Overige huizen
VT_1879_02_H1,R. C. Weeshuis
VT_1879_02_H1,Rijksgesticht Ommerschans
VT_1879_02_H1,Roomsch Catholijk Weeshuis
VT_1879_02_H1,Schepen
VT_1879_02_H1,Scherfshuis
VT_1879_02_H1,St. Anthony Gasthuis
VT_1879_02_H1,St. Geertruiden Gasthuis
VT_1879_02_H1,St. Jozephs-Gesticht
VT_1879_02_H1,St. Jurriens Gasthuis
VT_1879_02_H1,St. Nicolaas-Gesticht
VT_1879_02_H1,Vilsterenshuis
VT_1879_02_H1,Vrouwenhuis
VT_1879_02_H1,Weerds-Gesticht
VT_1879_02_H1,Weeshuis
VT_1879_02_H1,Weeshuis der Chr. Ger. Gemeente
VT_1879_02_H1,Werkhuis
VT_1879_02_H1,Ziekenhuis
VT_1879_02_H1,Ziekenhuis der N. H. gemeente
VT_1879_02_H1,Zwiersenhuizen
VT_1879_03_H1,Academisch ziekenhuis
VT_1879_03_H1,Aduarder gasthuis
VT_1879_03_H1,Anthonij-gasthuis
VT_1879_03_H1,Arm werkhuis
VT_1879_03_H1,Arm-werkhuis
VT_1879_03_H1,Armenwerkhuis
VT_1879_03_H1,Armhuis
VT_1879_03_H1,"Armhuis ""Weltevreden"""
VT_1879_03_H1,Baroldi-gasthuis
VT_1879_03_H1,Burgerlijk Armhuis
VT_1879_03_H1,Cellulaire gevangenis
VT_1879_03_H1,Chr. Ger. Armhuis
VT_1879_03_H1,Chr. Geref. Armhuis
VT_1879_03_H1,Christelijk Gereformeerd Weeshuis
VT_1879_03_H1,Cremers gasthuis
VT_1879_03_H1,Diaconie Armhuis
VT_1879_03_H1,Diaconie-armhuis
VT_1879_03_H1,Diaconie-gasthuis
VT_1879_03_H1,Diaconiehuis
VT_1879_03_H1,Doopsgezind gasthuis
VT_1879_03_H1,Doopsgezind weeshuis
VT_1879_03_H1,Doorgangshuis of kinderhuis
VT_1879_03_H1,Garnizoens-Bakkerij
VT_1879_03_H1,Garnizoens-Infirmerie
VT_1879_03_H1,Geertruids gasthuis
VT_1879_03_H1,Gesticht voor hulpbetoon en werkverschaffing
VT_1879_03_H1,Heilige Geest-gasthuis
VT_1879_03_H1,Herv. Diac. Armhuis
VT_1879_03_H1,Huis van Arrest
VT_1879_03_H1,Huis van Barmhartigheid
VT_1879_03_H1,Huis van bewaring
VT_1879_03_H1,Inrigting voor ooglijders
VT_1879_03_H1,Instituut voor Doofstommen
VT_1879_03_H1,Juffer Tette Alberda's gasthuis
VT_1879_03_H1,Kazerne Kattenhage
VT_1879_03_H1,Kostschool
VT_1879_03_H1,Lattering gasthuis
VT_1879_03_H1,Luthersch gasthuis
VT_1879_03_H1,Luthersch verzorgingsgesticht
VT_1879_03_H1,Luthersch weeshuis
VT_1879_03_H1,Martens
VT_1879_03_H1,Medden-gasthuis
VT_1879_03_H1,Mepsche gasthuis
VT_1879_03_H1,Ned. H. diac. armhuis
VT_1879_03_H1,Ned. Herv. Armhuis
VT_1879_03_H1,Ned. Herv. Diaconiehuis
VT_1879_03_H1,Noorder Kazerne
VT_1879_03_H1,Overige huizen
VT_1879_03_H1,Passantenhuis
VT_1879_03_H1,Pietronella
VT_1879_03_H1,R. C. diac. armhuis
VT_1879_03_H1,Roode of Burgerweeshuis
VT_1879_03_H1,Roomsch-Cath. Weeshuis voor meisjes en Liefdesgesticht
VT_1879_03_H1,Schepen
VT_1879_03_H1,Schepen tot geen bepaald wijk behoorende
VT_1879_03_H1,Scheunings gasthuis
VT_1879_03_H1,St. Jacobi- en Annen-gasthuis
VT_1879_03_H1,Toevlugtsoord
VT_1879_03_H1,Ubbema-gasthuis
VT_1879_03_H1,Vrouw Anna Varwers gasthuis
VT_1879_03_H1,W. Cremers gasthuis
VT_1879_03_H1,Weeshuis
VT_1879_03_H1,Weeshuis der Ned. Herv. Gemeente
VT_1879_03_H1,Werkhuis
VT_1879_03_H1,Werkhuis der Hervormde Diaconie
VT_1879_03_H1,Wijtses gasthuis
VT_1879_03_H1,Zeijls gasthuis
VT_1879_03_H1,Zuider Kazerne
VT_1879_03_H1,gem.-armhuis
VT_1879_04_H1,1ste gesticht. Bijgebouwen
VT_1879_04_H1,2e gesticht. Bijgebouwen
VT_1879_04_H1,3e gesticht. Bijgebouwen
VT_1879_04_H1,Armwerkhuis,2-42
VT_1879_04_H1,"Diaconie arm-, wees- en werkhuis",2-42
VT_1879_04_H1,Diaconie armhuis,2-42
VT_1879_04_H1,Gesticht voor ooglijders,2-23
VT_1879_04_H1,Huis van arrest en bewaring,2-81
VT_1879_04_H1,Huis van bewaring,2-81
VT_1879_04_H1,Huizen,1-0
VT_1879_04_H1,Kazerne der Infanterie,2-52
VT_1879_04_H1,Kostschool,2-62
VT_1879_04_H1,Overige huizen,2-0
VT_1879_04_H1,Schepen,2-10
VT_1879_04_H1,Verspreide huizen,1-0
VT_1879_04_H1,Weeshuis,2-43
VT_1879_04_H1,Werkhuis,2-82
VT_1879_04_H1,Werkhuis der Nederl. Herv. Gemeente,2-82
VT_1879_05_H1,Armhuis (St. Vincentius),2-42
VT_1879_05_H1,Bisschoppelijk Collegie en kostschool,2-62
VT_1879_05_H1,Cavalerie- en Rijschool-kazerne,2-52
VT_1879_05_H1,Collegie en Pensionaat,2-63
VT_1879_05_H1,Franciscanessen-klooster (St. Anna),2-72
VT_1879_05_H1,Garnizoens-Bakkerij,2-51
VT_1879_05_H1,Garnizoens-Infirmerie,2-51
VT_1879_05_H1,Garnizoensbakkerij,2-51
VT_1879_05_H1,Gasthuis,2-41
VT_1879_05_H1,Gebrekkigenhuis (Calvariënberg),2-23
VT_1879_05_H1,Gemengde hulpkazerne,2-52
VT_1879_05_H1,Gereformeerd Weeshuis,2-43
VT_1879_05_H1,Gesticht voor oude lieden en kinderen (St. Joseph),2-23
VT_1879_05_H1,Hofje van St. Marten,2-9
VT_1879_05_H1,Huis van Arrest,2-81
VT_1879_05_H1,Huis van Bewaring,2-81
VT_1879_05_H1,Hôtel van Commensalen,3-1
VT_1879_05_H1,Infanterie- (Muzijkanten-) kazerne,2-52
VT_1879_05_H1,Infanterie-Kazerne,2-52
VT_1879_05_H1,Infanterie-kazerne
VT_1879_05_H1,Jesuiten-klooster,2-72
VT_1879_05_H1,Josephiten-klooster en Armhuis (St. Joseph),2-72,2-42
VT_1879_05_H1,Kazerne der Maréchaussée
VT_1879_05_H1,Klein Seminarie,2-73
VT_1879_05_H1,Klooster,2-72
VT_1879_05_H1,Klooster d. Ursulinen en kostschool,2-72,2-62
VT_1879_05_H1,Klooster d. Usulinen,2-72
VT_1879_05_H1,Klooster der Augustijnen
VT_1879_05_H1,Kostschool,2-62
VT_1879_05_H1,Krankzinnigenhuis (Calvariënberg),2-23
VT_1879_05_H1,Maréchaussée-kazerne,2-52
VT_1879_05_H1,Minderbroedersklooster,2-72
VT_1879_05_H1,O.L.V. Conventje,X
VT_1879_05_H1,Oudmannen- (Twaalf Apostelen-) huis,2-31
VT_1879_05_H1,Overige huizen,2-0
VT_1879_05_H1,R. C. Godshuis (Louisa-huis),2-44
VT_1879_05_H1,R. C. Weeshuis,2-43
VT_1879_05_H1,R. K. Armhuis (Nieuwenhof),2-42
VT_1879_05_H1,Schepen,2-10
VT_1879_05_H1,Seminarie,2-73
VT_1879_05_H1,St. Gilles-Gasthuis,2-41
VT_1879_05_H1,St. Matthias-Conventje,X
VT_1879_05_H1,Ursulinen-klooster,2-72
VT_1879_05_H1,Ursulinen-klooster en kostschool,2-72,2-62
VT_1879_05_H1,Verspreide huizen,1-0
VT_1879_05_H1,Wees- en Oude mannen- en vrouwenhuis,2-31,2-43
VT_1879_05_H1,Ziekenhuis (Calvariënberg),2-21
VT_1879_06_H1,Armgesticht Annahof,2-23
VT_1879_06_H1,Armhof ''St. Joris'',2-42
VT_1879_06_H1,Armhof ''de Molenberg'',X
VT_1879_06_H1,Armhuis,2-42
VT_1879_06_H1,Armhuis der Christ. Geref. gemeente
VT_1879_06_H1,Armhuizen,2-42
VT_1879_06_H1,Armweeshuis,2-43
VT_1879_06_H1,Bijgebouw van Kazerne Willem III,2-52
VT_1879_06_H1,Bomvrije kazerne,2-52
VT_1879_06_H1,Burger weeshuis,2-43
VT_1879_06_H1,Burgergasthuis,2-41
VT_1879_06_H1,Burgerlijk Armhuis,2-42
VT_1879_06_H1,Burgerlijk armhuis
VT_1879_06_H1,Burgerweeshuis,2-43
VT_1879_06_H1,Cellulaire gevangenis,2-81
VT_1879_06_H1,Diaconie Armhuis,2-42
VT_1879_06_H1,Diaconie armgesticht,2-23
VT_1879_06_H1,Fort,2-53
VT_1879_06_H1,Fort Rammekens,2-53
VT_1879_06_H1,Garnizoens-Infirmerie,2-51
VT_1879_06_H1,Gasthuis,2-41
VT_1879_06_H1,"Gesticht ""den Bal"""
VT_1879_06_H1,Gesticht voor huisvesting met weldadig doel,2-23
VT_1879_06_H1,Godshuis,2-44
VT_1879_06_H1,Godshuis Carst,2-44
VT_1879_06_H1,Groot armhuis,2-42
VT_1879_06_H1,Huis van Bewaring
VT_1879_06_H1,Huis van arrest,2-81
VT_1879_06_H1,Huis van bewaring,2-81
VT_1879_06_H1,Hôtel ''Abdij'',3-1
VT_1879_06_H1,Infirmerie,X
VT_1879_06_H1,Israëlitisch armhuis,2-42
VT_1879_06_H1,Kanonneerboot Hydra,2-10,2-51
VT_1879_06_H1,Kazerne,2-52
VT_1879_06_H1,"Kazerne ""Cavalier"""
VT_1879_06_H1,Kazerne No. 1,2-52
VT_1879_06_H1,Kazerne Spookhuis,2-52
VT_1879_06_H1,Kazerne Westdijk,2-52
VT_1879_06_H1,Kazerne Willem III,2-52
VT_1879_06_H1,Kazerne d. Maréchaussée,2-52
VT_1879_06_H1,Klein armhuis,2-42
VT_1879_06_H1,Kostschool voor meisjes,2-62
VT_1879_06_H1,Liefdehuis,2-71
VT_1879_06_H1,Nonnenschool,2-61
VT_1879_06_H1,Oude Gasthuis,2-41
VT_1879_06_H1,Oude mannen en vrouwenh.,2-31
VT_1879_06_H1,Overige Schepen,2-10
VT_1879_06_H1,Overige huizen,2-0
VT_1879_06_H1,R. K. Weeshuis,2-43
VT_1879_06_H1,Schepen,2-10
VT_1879_06_H1,St. Cornelia Liefdehuis,2-71
VT_1879_06_H1,Weeshuis,2-43
VT_1879_06_H1,Woning voor gehuwde militairen,2-51
VT_1879_07_H1,Andreas Gasthuis
VT_1879_07_H1,Armhuis
VT_1879_07_H1,"Arsenaal, Pupill. school"
VT_1879_07_H1,Bartholomaie Gasthuis
VT_1879_07_H1,Bestedelingenhuis der Stads Aalmoezenierskamer
VT_1879_07_H1,Bethanië (Inrigting voor verzwakte kinderen)
VT_1879_07_H1,Bijzondere jongensschool van het Zusterhuis der Evangel. Broedergemeente
VT_1879_07_H1,Broederhuis van het Zusterhuis der Evangel. Broedergemeente
VT_1879_07_H1,Bureau der Genie
VT_1879_07_H1,Burgerweeshuis
VT_1879_07_H1,Cellulaire Gevangenis
VT_1879_07_H1,Centraal Israëlitiesch Weeshuis
VT_1879_07_H1,"Diaconess.-Inrigting ""Bethanie"""
VT_1879_07_H1,Directeurswoning
VT_1879_07_H1,Ewouds- en Elisabethsgasthuis
VT_1879_07_H1,Fort
VT_1879_07_H1,Fort bij Rhijnauwen (gedeeltelijk)
VT_1879_07_H1,Fortwachterswoning
VT_1879_07_H1,"Fortwachterswoning, Spion"
VT_1879_07_H1,Fundatie Renswoude en Ambachtskinderhuis
VT_1879_07_H1,Garnizoens-Infirmerie
VT_1879_07_H1,Garnizoens-bakkerij
VT_1879_07_H1,Garnizoensbakkerij
VT_1879_07_H1,Gereformeerd Burger Weeshuis
VT_1879_07_H1,Gesticht voor R.C. Weezen en Oude Lieden
VT_1879_07_H1,Gevangenis voor jeugdige vrouwelijke veroordeelden
VT_1879_07_H1,Groot Rijks Hospitaal
VT_1879_07_H1,Herv. Diac. Oude Mannen- en Vrouwenhuis
VT_1879_07_H1,Huis van Arrest en Bewaring
VT_1879_07_H1,Huis van Bewaring
VT_1879_07_H1,Huizen niet gelegen in het Hoogheemraadschap
VT_1879_07_H1,Hulp-kazernement
VT_1879_07_H1,Hôtel Buwalda
VT_1879_07_H1,Hôtel van den Broek
VT_1879_07_H1,Jongens kostschool
VT_1879_07_H1,Jongenskostschool
VT_1879_07_H1,Jongenskostschool (Nijland)
VT_1879_07_H1,Kantonaal Huis van bewaring
VT_1879_07_H1,Kazerne Damlust
VT_1879_07_H1,Kazerne Fort de Bilt
VT_1879_07_H1,Kazerne Hospitaalsoldaten
VT_1879_07_H1,Kazerne Kinderhuis
VT_1879_07_H1,Kazerne het Werkhuis
VT_1879_07_H1,Keet
VT_1879_07_H1,Keeten
VT_1879_07_H1,Keeten in het fort
VT_1879_07_H1,Kermiswagen
VT_1879_07_H1,Kinderhuis der Diaconessen-Inrigting
VT_1879_07_H1,Klooster Bethlehem
VT_1879_07_H1,Kostschool
VT_1879_07_H1,Krankzinnigengesticht
VT_1879_07_H1,Logement
VT_1879_07_H1,Logement Ambrosius
VT_1879_07_H1,Logement Bellevue
VT_1879_07_H1,Logement Hahman
VT_1879_07_H1,Logement Kasteel v. Antwerpen
VT_1879_07_H1,Lunet bij het fort
VT_1879_07_H1,Meisjeskostsch. (Mej. Dirkmaat)
VT_1879_07_H1,Meisjeskostschool
VT_1879_07_H1,Meisjesschool
VT_1879_07_H1,Militaire stal C
VT_1879_07_H1,Militaire stal D
VT_1879_07_H1,Nachtkwartier Baumgarten
VT_1879_07_H1,Ned. Herv. Diaconie Weeshuis
VT_1879_07_H1,O.R.C. Bestedelinghuis
VT_1879_07_H1,O.R.C. Weeshuis
VT_1879_07_H1,Oude Infirmerie
VT_1879_07_H1,Overige Huizen
VT_1879_07_H1,Overige huizen
VT_1879_07_H1,Protest. Kinder-Zendingshuis
VT_1879_07_H1,Pupillenschool
VT_1879_07_H1,R.C. Gregorius Onderwijsgest.
VT_1879_07_H1,R.C. Kloostergesticht
VT_1879_07_H1,R.C. Liefdehuis
VT_1879_07_H1,R.C. Meisjeskostschool
VT_1879_07_H1,R.C. Seminarium
VT_1879_07_H1,R.C. gesticht voor verlaten meisjes
VT_1879_07_H1,"R.C. klooster en oude vrouwengesticht ""Endelhoven"""
VT_1879_07_H1,Rijks Veeartsenijschool
VT_1879_07_H1,Schepen
VT_1879_07_H1,School Enderle
VT_1879_07_H1,Seminarie der R.C van de Klerezie
VT_1879_07_H1,St. Jozef-gesticht
VT_1879_07_H1,St. Pieters- en Bloklandsgasthuis
VT_1879_07_H1,Stedelijk Ziekenhuis
VT_1879_07_H1,Tijdelijke keeten
VT_1879_07_H1,Tijdelijke keeten (fort 't Hemeltje)
VT_1879_07_H1,Volksgaarkeuken
VT_1879_07_H1,Wachterstoren bij het Fort op den Ruigenkselschen dijk
VT_1879_07_H1,Weduwenhuis van het Zusterhuis der Evangel. Broedergemeente
VT_1879_07_H1,Ziekenhuis
VT_1879_07_H1,Zusterhuis der Evangel. Broedergemeente
VT_1879_09_H1,(onbewoond)
VT_1879_09_H1,Algemeen Armhuis
VT_1879_09_H1,Algemeen Weeshuis
VT_1879_09_H1,Algemeen armhuis
VT_1879_09_H1,Algemeen wees- en armhuis
VT_1879_09_H1,Alleen staande huizen
VT_1879_09_H1,Aloysius Gesticht
VT_1879_09_H1,Anslo's Hofje
VT_1879_09_H1,Arken
VT_1879_09_H1,Arken en Keeten
VT_1879_09_H1,Armenhuis
VT_1879_09_H1,Armhuis
VT_1879_09_H1,Artillerie-kazerne
VT_1879_09_H1,Bestedelingenhuis
VT_1879_09_H1,Bestedelinghuis
VT_1879_09_H1,Binnen-Gasthuis
VT_1879_09_H1,Blokshofje
VT_1879_09_H1,Boscherhofje
VT_1879_09_H1,Brands Rusthofje
VT_1879_09_H1,Brandweer-kazerne
VT_1879_09_H1,Brandweerkazerne
VT_1879_09_H1,Broederschap der R. C. gemeente
VT_1879_09_H1,Brouwershofje
VT_1879_09_H1,Bruiningshofje
VT_1879_09_H1,Buitengasthuis
VT_1879_09_H1,Burgerlijk Weeshuis
VT_1879_09_H1,Burgerweeshuis
VT_1879_09_H1,Burgerziekenhuis
VT_1879_09_H1,Cavallerie-Kazerne
VT_1879_09_H1,Cellul. huis van arrest en justitie
VT_1879_09_H1,Centraal Magazijn van militaire kleeding
VT_1879_09_H1,"Christ. Geref. Wees-, Oude Mannen- en Vrouwenhuis"
VT_1879_09_H1,Conducteurswoning d. artillerie
VT_1879_09_H1,Corvershof
VT_1879_09_H1,Dames Instituut
VT_1879_09_H1,Deutzen hofje
VT_1879_09_H1,"Diac. wees-, oude mannen- en vrouwenhuis"
VT_1879_09_H1,Diaconie Wees- en Armhuis
VT_1879_09_H1,Diaconie Weeshuis
VT_1879_09_H1,Diaconie oude mannen en vrouwenhuis
VT_1879_09_H1,Diaconie-armhuis
VT_1879_09_H1,Diaconie-weeshuis
VT_1879_09_H1,Diaconiehuis
VT_1879_09_H1,Diaconiehuis Herv. gemeente
VT_1879_09_H1,Doopsgez. Wees- en Armhuis
VT_1879_09_H1,Doopsgez. Weeshuis
VT_1879_09_H1,Doopsgezinde Oude vrouwenhuis
VT_1879_09_H1,Ev. Luth. Weeshuis
VT_1879_09_H1,Evang. Luth. Weeshuis
VT_1879_09_H1,Evangelisch Luthersch weeshuis
VT_1879_09_H1,Farnades Nuneshuis
VT_1879_09_H1,Fontaineshofje
VT_1879_09_H1,Fort
VT_1879_09_H1,Fort Erfprins
VT_1879_09_H1,Fort Kijkuit
VT_1879_09_H1,Fort a/d. Liede
VT_1879_09_H1,Fort a/h. Schiphol
VT_1879_09_H1,Fort bij Heemstede
VT_1879_09_H1,Fort en sluis
VT_1879_09_H1,Fortwachterswoning
VT_1879_09_H1,Frans Loenen-hofje
VT_1879_09_H1,Friesche Doopsgez. Wees- en Armhuis
VT_1879_09_H1,Garnizoens Infermerie
VT_1879_09_H1,Gasthuis
VT_1879_09_H1,Gebouw van Barmhartigheid
VT_1879_09_H1,Gemeente Wees- en Armhuis
VT_1879_09_H1,Geref. Oranje Weeshuis
VT_1879_09_H1,Geref. Weeshuis
VT_1879_09_H1,Gereform. Weeshuis
VT_1879_09_H1,Gereformeerde weeshuis
VT_1879_09_H1,"Gesticht ""Venetia"""
VT_1879_09_H1,"Gesticht ""de Ster"""
VT_1879_09_H1,"Gesticht ""de Voorzienigheid"""
VT_1879_09_H1,Gesticht Meerenberg
VT_1879_09_H1,Gesticht St. Anna
VT_1879_09_H1,Gesticht St. Joseph
VT_1879_09_H1,Gesticht St. Rosa
VT_1879_09_H1,Gesticht Stads-bestedelingen
VT_1879_09_H1,Gesticht Vreedenburg
VT_1879_09_H1,Gesticht v. Weldadigheid
VT_1879_09_H1,Godshuis
VT_1879_09_H1,Grilshofje
VT_1879_09_H1,Hamer- en Bouwershof
VT_1879_09_H1,Heeren Instituut
VT_1879_09_H1,Henriette Hofje (oude vrouwen)
VT_1879_09_H1,Herv. Diaconiehuis
VT_1879_09_H1,Herv. Wees en Armhuis
VT_1879_09_H1,Herv. Weeshuis
VT_1879_09_H1,Hervormd armhuis
VT_1879_09_H1,Hervormd weeshuis
VT_1879_09_H1,Het Falckhuis
VT_1879_09_H1,Het Suijckerhofje
VT_1879_09_H1,Hodson Dadelhofje
VT_1879_09_H1,"Hof ""Liefde is het Fundament"""
VT_1879_09_H1,"Hofje ""Eendragt"""
VT_1879_09_H1,Hofje de 12 apostelen
VT_1879_09_H1,Hofje de Groene Tuin
VT_1879_09_H1,Hofje de Zeven Keurvorsten
VT_1879_09_H1,Hofje van Beresteijn
VT_1879_09_H1,Hofje van Brouwer
VT_1879_09_H1,Hofje van Guurtje Burret
VT_1879_09_H1,Hofje van Noblet
VT_1879_09_H1,Hofje van Oorschot
VT_1879_09_H1,Hofje van Spoorwater
VT_1879_09_H1,Hofje van Staats
VT_1879_09_H1,Hofje van de wed. Roosen
VT_1879_09_H1,Hospitaal
VT_1879_09_H1,Huis van Arrest
VT_1879_09_H1,Huis van bewaring
VT_1879_09_H1,Huis van correctie
VT_1879_09_H1,Huis van verbetering en opvoeding voor jongens
VT_1879_09_H1,Huiszitten-weduwenhof
VT_1879_09_H1,Hulphuis van arrest
VT_1879_09_H1,Hulpkazerne Infanterie
VT_1879_09_H1,Inrigting voor ooglijders
VT_1879_09_H1,Instituut tot onderwijs van Blinden
VT_1879_09_H1,Kazerne
VT_1879_09_H1,Kazerne Infanterie
VT_1879_09_H1,Kazerne Oranje
VT_1879_09_H1,Kazerne Oranje-Nassau
VT_1879_09_H1,Kazerne Promers
VT_1879_09_H1,Kazerne het Weeshuis
VT_1879_09_H1,Kazerne kerkgebouw
VT_1879_09_H1,Kinderziekenhuis
VT_1879_09_H1,Kon. Instituut Marine
VT_1879_09_H1,Kosthuis No. 1
VT_1879_09_H1,Kosthuis No. 2 der Maatschappij tot Nut van 't Algemeen
VT_1879_09_H1,Kostschool
VT_1879_09_H1,Kweekschool voor de Zeevaart
VT_1879_09_H1,Liefdegesticht
VT_1879_09_H1,Liefdegesticht (scholen)
VT_1879_09_H1,Lindenhofje
VT_1879_09_H1,Logeergebouw der artillerie
VT_1879_09_H1,Looijerstraat
VT_1879_09_H1,Luthers Diaconiehofje
VT_1879_09_H1,Luthersche hofje
VT_1879_09_H1,Luthersche wees- en armhuis
VT_1879_09_H1,Marine-Hospitaal
VT_1879_09_H1,Mariniers-kazerne
VT_1879_09_H1,Matrozen-Instituut (Schip Ajax)
VT_1879_09_H1,Moenshofje
VT_1879_09_H1,Ned. Herv. Armhuis
VT_1879_09_H1,Ned. Isr. Jongens-weeshuis
VT_1879_09_H1,Nederd. Geref. Diaconiehuis
VT_1879_09_H1,Nieuw Suikerhofje
VT_1879_09_H1,Nieuwe of Zonsche hofje
VT_1879_09_H1,Nooteboome Uitkijkhofje
VT_1879_09_H1,"Opleidingschip ""Admiraal van Wassenaer"""
VT_1879_09_H1,Oude Vrouwen- en Mannenhuis der hervormde gemeente
VT_1879_09_H1,Oude Weeshuis (Milit.)
VT_1879_09_H1,Oude mannen- en vrouwenhuis
VT_1879_09_H1,Overige huizen
VT_1879_09_H1,Pastorie der Alg. Hulpkerk
VT_1879_09_H1,"Port. Israël. Jongens weeshuis ""Abij Jetomim"""
VT_1879_09_H1,Portugeesch Israëlitisch Meisjes weeshuis
VT_1879_09_H1,Prins Hendrik-Stichting
VT_1879_09_H1,Prot. Weeshuis
VT_1879_09_H1,Proveniershuis van Nordingen
VT_1879_09_H1,R. C. Armhuis
VT_1879_09_H1,R. C. Gesticht
VT_1879_09_H1,R. C. Jongens weeshuis
VT_1879_09_H1,R. C. Kostschool
VT_1879_09_H1,R. C. Liefdegesticht
VT_1879_09_H1,R. C. Maagdenhuis
VT_1879_09_H1,R. C. Oude mannen- en vrouwenhuis. St. Jacob
VT_1879_09_H1,R. C. Weeshuis
VT_1879_09_H1,R. C. Ziekenverpleging
VT_1879_09_H1,R. C. armhuis
VT_1879_09_H1,Ramschip Guinéa
VT_1879_09_H1,Rapenhofje
VT_1879_09_H1,Regenboogs-Liefdehofje
VT_1879_09_H1,Rijks-arsenaal
VT_1879_09_H1,Rijksgebouwen bewoond door gehuwde militairen
VT_1879_09_H1,Rijkshospitaal
VT_1879_09_H1,Rijpenhofje
VT_1879_09_H1,Rozenhofje
VT_1879_09_H1,Schepen
VT_1879_09_H1,Schepen te Amsterdam te huis behoorende
VT_1879_09_H1,St. Aloysius-gesticht
VT_1879_09_H1,St. Andrieshofje
VT_1879_09_H1,St. Antonius gesticht
VT_1879_09_H1,St. Bernardus gesticht
VT_1879_09_H1,St. Elisabeth-gasthuishofje
VT_1879_09_H1,St. Jacobs wees- en armhuis
VT_1879_09_H1,St. Josephs-gesticht
VT_1879_09_H1,St. Martinusgebouw
VT_1879_09_H1,St. Piusgesticht
VT_1879_09_H1,Stads Ziekenhuis
VT_1879_09_H1,Stads armen- en ziekenhuis
VT_1879_09_H1,"Straalman-stichting, genaamd ""Magdalena Hodson"""
VT_1879_09_H1,Swigters familiënhofje
VT_1879_09_H1,Teijlershofje
VT_1879_09_H1,Toevlugt voor behoeftigen
VT_1879_09_H1,Tuinbouwschool Linneaus
VT_1879_09_H1,Van Beeckshofje
VT_1879_09_H1,Vereenigd arrest- en provoosthuis
VT_1879_09_H1,Verwershofje
VT_1879_09_H1,Vincentiusschool
VT_1879_09_H1,Vrouwen St. Antonies-gasthuishofje
VT_1879_09_H1,Vuurtoren
VT_1879_09_H1,Wachtschip
VT_1879_09_H1,"Wachtschip ""Prins Maurits"""
VT_1879_09_H1,Wees- en Armhuis
VT_1879_09_H1,Weeshuis
VT_1879_09_H1,"Weeshuis ""de Oranjeappel"""
VT_1879_09_H1,Wijnbergshofje
VT_1879_09_H1,Wildemanshofje
VT_1879_09_H1,Zeemanshuis
VT_1879_09_H1,Ziekenhuis
VT_1879_09_H1,Ziekenverpleging
VT_1879_09_H1,Ziekenverpleging Berkhout
VT_1879_09_H1,"Zr. Ms. schip ""het Loo"""
VT_1879_09_H1,Zuiderhofje
VT_1879_09_H1,Zusters van Liefde
VT_1879_09_H1,Zusterschool
VT_1879_09_H1,Zwaardvegershofje
VT_1879_10_H1,Algemeen burger gasthuis,2-41
VT_1879_10_H1,Armhuis,2-42
VT_1879_10_H1,Beggijnenhof
VT_1879_10_H1,Capucijnen klooster,2-72
VT_1879_10_H1,Capucijnerklooster,2-72
VT_1879_10_H1,Diaconie-gesticht,2-23
VT_1879_10_H1,Fort Bernsche Hoeve,2-53
VT_1879_10_H1,Fort Bovensluis,2-53
VT_1879_10_H1,Fort Crèvecoeur,2-53
VT_1879_10_H1,Fort Hoogen Maasdijk,2-53
VT_1879_10_H1,Fort Isabel,2-53
VT_1879_10_H1,Fort Papenbril (hoofdcursus),2-53
VT_1879_10_H1,Fort de Hel,2-53
VT_1879_10_H1,"Fraterhuis, klooster, kweeksch. en weeshuis",2-43,2-72
VT_1879_10_H1,Garnizoens ziekenhuis,2-21,2-51
VT_1879_10_H1,Garnizoens-bakkerij,2-51
VT_1879_10_H1,Garnizoens-hospitaal,2-51
VT_1879_10_H1,Garnizoens-infirmerie,2-51
VT_1879_10_H1,Garnizoensbakkerij,2-51
VT_1879_10_H1,Garnizoensbakkerij Hampoort,2-51
VT_1879_10_H1,Garnizoenshospitaal,2-51
VT_1879_10_H1,Gasthuis,2-41
VT_1879_10_H1,Gasthuis St. Catharina,2-41
VT_1879_10_H1,"Gesticht Croy, voor behoeftige mannen en vrouwen",2-23
VT_1879_10_H1,Gesticht van liefde,2-23
VT_1879_10_H1,"Gesticht voor blinden, weezen en verlaten jongens",2-23
VT_1879_10_H1,Gevangenis voor veroordeelde vrouwen en huis van burgerlijke en militaire verzekering,2-51
VT_1879_10_H1,Groot arsenaal,X
VT_1879_10_H1,Hoofdwacht,X
VT_1879_10_H1,Hoofdwachthuis,2-54
VT_1879_10_H1,Huis van Arrest,2-81
VT_1879_10_H1,Huis van bewaring,2-81
VT_1879_10_H1,Hôtel de ''Gouden Leeuw'',3-1
VT_1879_10_H1,Infanterie kazerne Noorderblok,2-52
VT_1879_10_H1,Instituut Hasselman,2-23
VT_1879_10_H1,Instituut St. Marie,3-2
VT_1879_10_H1,Instituut kostschool,2-62
VT_1879_10_H1,Instituut voor doofstommen,2-24
VT_1879_10_H1,Jongens- en meisjesweeshuis,2-43
VT_1879_10_H1,Kazerne,2-52
VT_1879_10_H1,Kazerne Koornmarkt,2-52
VT_1879_10_H1,Kazerne Markiezenhof,2-52
VT_1879_10_H1,Kazerne de maréchaussée,2-52
VT_1879_10_H1,Kazerne der huzaren,2-52
VT_1879_10_H1,Kazerne der infanterie,2-52
VT_1879_10_H1,Klooster,2-72
VT_1879_10_H1,Klooster Bethlehem,2-72
VT_1879_10_H1,Klooster Dommelrode,2-72
VT_1879_10_H1,Klooster Marie Refugée,2-72
VT_1879_10_H1,Klooster Nazareth,2-72
VT_1879_10_H1,Klooster der Capucijnessen,2-72
VT_1879_10_H1,Klooster der fraters,2-72
VT_1879_10_H1,Klooster der kruisheeren,2-72
VT_1879_10_H1,Koninklijk Militaire Akademie,2-51
VT_1879_10_H1,Kostschool
VT_1879_10_H1,Kostschool Bragtrop,2-62
VT_1879_10_H1,Kostschool en klooster,2-72,2-62
VT_1879_10_H1,Kostschool van Gevri,2-62
VT_1879_10_H1,Kostschool van J. Tieman,2-62
VT_1879_10_H1,Krankzinnigengesticht,2-23
VT_1879_10_H1,Liefdadigheidsgesticht,2-23
VT_1879_10_H1,Liefdegesticht,2-71
VT_1879_10_H1,Liefdegesticht met kostschool,2-71,2-62
VT_1879_10_H1,Liefdehuis
VT_1879_10_H1,"Liefdehuis, klooster, kweekschool, weeshuis en armhuis",2-43,2-72,2-42
VT_1879_10_H1,Magazijnmeesterswoning,2-51
VT_1879_10_H1,Mannenklooster,2-72
VT_1879_10_H1,"Markt, kazerne",2-52
VT_1879_10_H1,Maréchausséekazerne,2-52
VT_1879_10_H1,Militair woonhuis,2-51
VT_1879_10_H1,Minderbroedersklooster,2-72
VT_1879_10_H1,Opvoedingsgesticht,2-23
VT_1879_10_H1,Oud seminarie,2-73
VT_1879_10_H1,Oude mannen- en vrouwenhuis,2-31
VT_1879_10_H1,Oude mannenhuis,2-31
VT_1879_10_H1,Oude vrouwenhuis,2-32
VT_1879_10_H1,Overige huizen,2-0
VT_1879_10_H1,Pensionaat,2-63
VT_1879_10_H1,Protestantsch weeshuis,2-43
VT_1879_10_H1,R. C. gasthuis,2-41
VT_1879_10_H1,Roomsch Catholijk liefdegesticht,2-23
VT_1879_10_H1,Roomsch weeshuis,2-43
VT_1879_10_H1,Roomsch-katholiek gasthuis
VT_1879_10_H1,Schepen,2-10
VT_1879_10_H1,Seminarie
VT_1879_10_H1,"St. Anthoniusgesticht, kostschool",2-23,2-62
VT_1879_10_H1,"St. Elisabethsgesticht, gasthuis",2-23,2-41
VT_1879_10_H1,St. Jansgasthuis,2-41
VT_1879_10_H1,St. Oda-kloost.,2-72
VT_1879_10_H1,Vrouwenklooster,2-72
VT_1879_10_H1,Wacht aan de Waterpoort,2-51
VT_1879_10_H1,Wachth. a/d. Waterpoort,2-54
VT_1879_10_H1,Wachthuis,2-54
VT_1879_10_H1,Wachthuis Maaspoort,2-54
VT_1879_10_H1,Wachthuis bij de Koepoort,2-54
VT_1879_10_H1,Weeshuis
VT_1879_10_H1,Weeshuis der Hervormden,2-43
VT_1879_10_H1,Woning voor militairen,2-51
VT_1879_10_H1,Zieken-gasthuis,2-41
VT_1879_10_H1,Ziekenhuis,2-21
VT_1879_10_H1,fort,2-53
VT_1879_10_H1,fort Orthen,2-53
VT_1879_10_H1,gasthuis
VT_1879_10_H1,gesticht voor liefdezusters,2-23
VT_1879_10_H1,kazerne der maréchaussée
VT_1879_10_H1,klein seminarie,2-73
VT_1879_10_H1,klooster
VT_1879_10_H1,klooster St. Catharina-dal,2-72
VT_1879_10_H1,klooster Zoeterbeek,2-72
VT_1879_10_H1,klooster der Clarissen,2-72
VT_1879_10_H1,kostschool,2-62
VT_1879_10_H1,"kostschool, instituut Bijsterveld",2-62
VT_1879_10_H1,liefdegesticht
VT_1879_10_H1,liefdehuis,2-71
VT_1879_10_H1,"liefdehuis, gasthuis",2-41
VT_1879_10_H1,nonnenklooster,2-72
VT_1879_10_H1,seminarie,2-73
VT_1879_10_H1,seminarie Ypelaar,2-73
VT_1879_10_H1,"wachterswoning, legerplaats",2-51
VT_1879_10_H1,weeshuis,2-43
VT_1879_11_H1,Asyl Steenbeek,X
VT_1879_11_H1,Badh. Bethesda,X
VT_1879_11_H1,Bentincks Weduwenhuis,2-33
VT_1879_11_H1,Bethel,X
VT_1879_11_H1,Burger Weeshuis der Ned. Herv. Gemeente,2-43
VT_1879_11_H1,Burgerweeshuis,2-43
VT_1879_11_H1,Canisius Ziekenhuis,2-21
VT_1879_11_H1,Coop Schrasserts won.,X
VT_1879_11_H1,Directiekeet,2-12
VT_1879_11_H1,Directiekeet behoorende tot het fort bij Nieuwe Steeg,2-12
VT_1879_11_H1,Doorgangshuis,2-45
VT_1879_11_H1,Dortmonds Weduwenhuis,2-33
VT_1879_11_H1,Elisabeth Weeshuis,2-43
VT_1879_11_H1,Evangelisch Luthersch hofje,2-9
VT_1879_11_H1,Feitenhof,X
VT_1879_11_H1,Fort,2-53
VT_1879_11_H1,Fort (beneden Lent),2-53
VT_1879_11_H1,Fort (boven Lent),2-53
VT_1879_11_H1,Fort Vuren,2-53
VT_1879_11_H1,Fort op den hoofddam bij Pannerden,2-53
VT_1879_11_H1,Fortwachterswoning,2-53
VT_1879_11_H1,Garnizoens Bakkerij,2-51
VT_1879_11_H1,Garnizoens Infirmerie,2-51
VT_1879_11_H1,Garnizoens-bakkerij,2-51
VT_1879_11_H1,Garnizoens-infirmerie,2-51
VT_1879_11_H1,Gasthuis,2-41
VT_1879_11_H1,Gasthuis der Hervormden,2-41
VT_1879_11_H1,Gebr. Bakker's Weeshuis,2-43
VT_1879_11_H1,Gecombineerd Weeshuis,2-43
VT_1879_11_H1,Gesticht Bornhof,2-23
VT_1879_11_H1,Gesticht voor Israelitische oude mannen en vrouwen,2-23
VT_1879_11_H1,Groen van Prinsterenschool,2-61
VT_1879_11_H1,Gymnasium,X
VT_1879_11_H1,Herv. Armenhuis,2-42
VT_1879_11_H1,Herv. Burger-Weeshuis,2-43
VT_1879_11_H1,Hervormd Weeshuis,2-43
VT_1879_11_H1,Hervormd weeshuis
VT_1879_11_H1,Hoofdwacht,X
VT_1879_11_H1,Hotel Zwijnshoofd,3-1
VT_1879_11_H1,Hotel de Paauw,3-1
VT_1879_11_H1,Hotel des Pays-Bas,3-1
VT_1879_11_H1,Huis bewoond door milit.,2-51
VT_1879_11_H1,Huis van Arrest,2-81
VT_1879_11_H1,Huis van Bewaring,2-81
VT_1879_11_H1,Huis van barmhartigheid,X
VT_1879_11_H1,Huis van bewaring
VT_1879_11_H1,Huis van burgerlijke en militaire verzekering,2-51
VT_1879_11_H1,Huizen,1-0
VT_1879_11_H1,Huizen bewoond door militairen,2-51
VT_1879_11_H1,Hôtel Bellevue,3-1
VT_1879_11_H1,Hôtel Boule d'or,3-1
VT_1879_11_H1,Hôtel Kernheim,3-1
VT_1879_11_H1,Hôtel Roesink,3-1
VT_1879_11_H1,Hôtel de Zon,3-1
VT_1879_11_H1,Infirmerie,X
VT_1879_11_H1,Inrigting Ruimzigt (kweekschool),2-61
VT_1879_11_H1,Kazerne Oranje-Nassau,2-52
VT_1879_11_H1,Klooster,2-72
VT_1879_11_H1,Klooster Harveld,2-72
VT_1879_11_H1,Kloosterkazerne,2-52
VT_1879_11_H1,Koloniaal Militair invalidenhuis Bronbeek,2-51
VT_1879_11_H1,Kostschool,2-62
VT_1879_11_H1,Kostschool A.M. Dekkers,2-62
VT_1879_11_H1,Kostschool van Klomp,2-62
VT_1879_11_H1,Kostschool van Mej. Kosters,2-62
VT_1879_11_H1,Kweekschool voor onderwijzeressen,2-61
VT_1879_11_H1,Landbouw-kolonie Nederlandsch Mettray,X
VT_1879_11_H1,Legerplaats op de Oldebroeksche heide,X
VT_1879_11_H1,Liefdegesticht,2-71
VT_1879_11_H1,Magazijn der Artillerie,2-51
VT_1879_11_H1,Mauritskazerne,2-52
VT_1879_11_H1,"Meisjesschool, Urseline klooster",2-72
VT_1879_11_H1,Milit. nachtleger magazijn,2-51
VT_1879_11_H1,Militaire Broodbakkerij,2-51
VT_1879_11_H1,Militaire woningen,2-51
VT_1879_11_H1,Militaire woningen aan het Noordpad en den Klarendaalsche weg,2-51
VT_1879_11_H1,Nachtlegermagazijn,2-51
VT_1879_11_H1,Nieuw Weeshuis der Ned. Herv. Gemeente,2-43
VT_1879_11_H1,Normaalschool,2-61
VT_1879_11_H1,Opzichterswoning,X
VT_1879_11_H1,Opzigterskeet,2-12
VT_1879_11_H1,Oud Burger Gasthuis,2-41
VT_1879_11_H1,"Oud mannen- , vrouwen- en Ziekenhuis",2-21
VT_1879_11_H1,Oude Vrouwenhuis,2-32
VT_1879_11_H1,Oude en Nieuwe Gasthuis en Krankzinnigen gesticht,2-23,2-41
VT_1879_11_H1,Oude mannen en vrouwenhuis,2-31
VT_1879_11_H1,Overige huizen,2-0
VT_1879_11_H1,Particulier Burger Weeshuis,2-43
VT_1879_11_H1,Passantenhuis,X
VT_1879_11_H1,"Pastorie, inrigting voor Hooger Onderwijs",X
VT_1879_11_H1,Pensionaat,2-63
VT_1879_11_H1,Pensionaat Marienthal,2-63
VT_1879_11_H1,Prot. Armen Weeshuis,2-43
VT_1879_11_H1,Prot. Burger Weeshuis,2-43
VT_1879_11_H1,Protestantsch bestedelingenhuis,X
VT_1879_11_H1,R. C. Armenhuis,2-42
VT_1879_11_H1,R. C. Hiacinthusgesticht,2-23
VT_1879_11_H1,R. C. Semenarie,X
VT_1879_11_H1,R. C. St. Walburgshofje,2-9
VT_1879_11_H1,R. C. Weeshuis,2-43
VT_1879_11_H1,R. C. liefdesgesticht,2-71
VT_1879_11_H1,R. Cath. Bestedelingenhuis,X
VT_1879_11_H1,R. Cath. Weduwenhuis,2-33
VT_1879_11_H1,Roomsch Katholijk Gesticht,2-23
VT_1879_11_H1,Ruitershofje,2-9
VT_1879_11_H1,Schepen,2-10
VT_1879_11_H1,St. Catharina gasthuis,2-41
VT_1879_11_H1,St. Elisabeths gesticht,2-23
VT_1879_11_H1,Talitha Kumi,X
VT_1879_11_H1,Verdedigingswerk aan 't Spoel,X
VT_1879_11_H1,Wachterswoning,2-51
VT_1879_11_H1,Wachterswoning behoorende tot het fort St. Andries,2-51
VT_1879_11_H1,Wachtlokaal,X
VT_1879_11_H1,Wagens,2-11
VT_1879_11_H1,Wapenmagazijn,2-51
VT_1879_11_H1,Weduwenhofje,2-33
VT_1879_11_H1,Weduwenhuis,2-33
VT_1879_11_H1,Weduwenhuis over den Broeren,2-33
VT_1879_11_H1,Weeshuis,2-43
VT_1879_11_H1,Weesinrigting van J. van 't Lindenhout,2-43
VT_1879_11_H1,Willemskazerne,2-52
VT_1879_11_H1,Ziekenhuis,2-21
VT_1879_11_H1,Ziekenhuis (Gasthuis),2-21
